EAR,MAR,Gaze_X,Gaze_Y,Class,Class_Name
0.19389171657394724,0.13488926833794207,-0.5908065112205987,-0.4686611101567573,1,Mất tập trung
0.2161194105253336,0.11284632686029344,0.05033607644597871,0.0874382057330772,0,Chú ý
0.21821029074499457,0.10306780274742539,-0.11809168020899449,-0.46449212056688766,1,Mất tập trung
0.04439372299504664,0.12377006525715595,-0.16613474506926845,0.5424914633404831,2,Buồn ngủ
0.22002507484728476,0.10381233624433073,-0.10309873719517285,-0.1264663805758229,0,Chú ý
0.14580094616737826,0.06139277655729375,0.018701026236041963,-0.16084789633501204,1,Mất tập trung
0.23487420089327946,0.0695983763745397,-0.14700743416199336,-0.04112263843308745,0,Chú ý
0.18163619052255264,0.11776555152075165,-0.10816931948009612,0.14416906341740163,0,Chú ý
0.2651641198545601,0.09873826240345127,0.12054219557914725,-0.1309220748904075,0,Chú ý
0.21347604627140399,0.08404813949346149,-0.16431573747838515,0.07266406225046182,0,Chú ý
0.16530979836752552,0.13067344359888822,0.32882161498020285,0.4425990785794924,2,Buồn ngủ
0.27712036079911284,0.05114954116034134,-0.1554397132645195,0.5376906901514275,1,Mất tập trung
0.20644582551860352,0.12194868270849984,0.05540070564517517,-0.06705807279964149,0,Chú ý
0.16722547048016553,0.05401600408553693,-0.11612001966635128,-0.14449987630802644,0,Chú ý
0.17446303972359758,0.15774959701609073,0.3975903825580822,0.5663255278704061,1,Mất tập trung
0.10195059198287865,0.19824421338434234,0.12624674204703573,0.4771575613184745,2,Buồn ngủ
0.16107483460826238,0.14174917206927726,0.21122837309877585,0.23710397510420983,2,Buồn ngủ
0.1896033751504372,0.08643679028531934,-0.11776339340010952,-0.1974129357257869,0,Chú ý
0.13997197730536148,0.010669823011586185,-0.06515311316625236,0.05031791985777248,0,Chú ý
0.1784639954669372,0.09548238074631038,-0.6268903471842132,-0.7262252199899409,1,Mất tập trung
0.21803236532413128,0.09990369093516381,-0.16364367005903988,0.3299878814038439,1,Mất tập trung
0.18863036123348506,0.06213879976677246,-0.8005745057627984,-0.42710503401087874,1,Mất tập trung
0.07332698818806886,0.16514126188907155,0.17170355189915407,0.5446896990170431,2,Buồn ngủ
0.06619190672213678,0.136421573488542,-0.21247060173215748,0.41232375383840486,2,Buồn ngủ
0.1289412261181701,0.1413601867573695,0.16450241802963883,0.44415752971021877,2,Buồn ngủ
0.14715250624292522,0.06806817321127312,0.17933216703809363,0.06476706264463407,0,Chú ý
0.06517487417206103,0.16009708350685353,0.39425875913607966,0.5399140976272315,2,Buồn ngủ
0.07621494434266893,0.12252158542328775,0.28439572522083195,0.27038373523202625,2,Buồn ngủ
0.13550621333368962,0.13283503132284416,0.02841733774515445,0.46883863681947363,2,Buồn ngủ
0.10021272708156904,0.06361615312336762,0.08021645861771828,-0.2121079767167327,0,Chú ý
0.05641607030950375,0.1799484960824938,-0.15019037219919842,0.17753872544618718,2,Buồn ngủ
0.19558830273265262,0.08636032899840193,-0.26640370659411455,0.7384566955985172,1,Mất tập trung
0.13945237980867886,0.048559024688186556,0.07630746786670384,0.024360349122894524,0,Chú ý
0.2262754270257766,0.16071989929901082,0.16469589637640258,0.13993556184034697,0,Chú ý
0.16071799716125357,0.1333875027593746,0.15121620953875037,0.3535688306401074,2,Buồn ngủ
0.1380922757263256,0.15613563675700437,0.17722722731523258,0.32580832239314916,2,Buồn ngủ
0.19797510648429148,0.10319510582898288,-0.7698877003789075,0.4632830786375195,1,Mất tập trung
0.20201330410776921,0.08954616418593123,-0.09434619260196177,0.32031432563351886,1,Mất tập trung
0.05985096307313331,0.19806896914247596,0.0574071824037983,0.466853436976671,2,Buồn ngủ
0.25040070495802397,0.10696414819011224,-0.23391170118966087,-0.164714498379642,1,Mất tập trung
0.2050393339082928,0.10458201226854585,-0.3551838076615702,-0.0777901755856642,1,Mất tập trung
0.02918677558685832,0.14293297463021679,-0.1275076950465107,0.5572730528930913,2,Buồn ngủ
0.21251409140416375,0.12590033085883942,0.0329237744251096,-0.17355282481862347,0,Chú ý
0.20353727301158206,0.05004604259451786,-0.6424105417260327,-0.4461178588727147,1,Mất tập trung
0.2087212017014384,0.13013307045482028,-0.13530762467349383,0.10881171098908135,0,Chú ý
0.14110050764692977,0.10149405150447277,-0.1353520512325306,-0.1651426673140297,0,Chú ý
0.11125201535271978,0.1740442514364825,-0.2932746789803934,0.511631420379579,2,Buồn ngủ
0.16451507630284543,0.08661413473278624,-0.19141419012744806,-0.17012537801984698,0,Chú ý
0.08598314139294347,0.17611300067689561,0.26461873993895835,0.32859022863244775,2,Buồn ngủ
0.15881355264612332,0.14920492344239464,0.004839699347854128,0.035266798689538664,0,Chú ý
0.19003664721064864,0.11991961576604766,-0.1934312969845828,-0.16691443474481615,0,Chú ý
0.18101506881012736,0.07854780952650486,0.5255308956235987,0.41572189213870525,1,Mất tập trung
0.092601237825571,0.1761895501179713,0.34928902380796656,0.2459549673214966,2,Buồn ngủ
0.033358132666955254,0.10032317107652597,-0.31169997549939016,0.5457471079766602,2,Buồn ngủ
0.2202736995960691,0.11353831318952774,-0.7264012944031674,-0.2670842615133676,1,Mất tập trung
0.15513440712109847,0.06966404655234726,-0.03394145557193172,0.02468048170000107,0,Chú ý
0.17618223819318776,0.09997359915091263,-0.13699693904490912,-0.5301293126935982,1,Mất tập trung
0.24040199002219323,0.10512954457944836,-0.04505242832631984,-0.02344499515340081,0,Chú ý
0.15425248416509657,0.07608384087966678,0.029905422577576467,0.25081666103790307,2,Buồn ngủ
0.17831408490805373,0.10011292529473106,-0.05660036096902521,0.224900036022607,0,Chú ý
0.07372975021631237,0.12663867814678906,0.08857823511231387,0.5568861714833178,2,Buồn ngủ
0.13034772967006236,0.17415829600503802,0.10793342744643171,0.2645198607392778,2,Buồn ngủ
0.16533168308007762,0.1448602140603809,-0.48506727913795566,0.39027831479494063,1,Mất tập trung
0.17846415759834555,0.1271177230843959,0.3026109673895614,-0.3938078740948078,1,Mất tập trung
0.2246737805506636,0.06462995936633177,0.16271759675430428,-0.050029576028339726,0,Chú ý
0.22815004669934077,0.16090537143351022,-0.008553041938908386,-0.0392995895138127,0,Chú ý
0.22932665655994264,0.16626771248405878,-0.6220860961992775,0.04595210067338923,1,Mất tập trung
0.0903000747914717,0.10618222210083927,0.3094316600598863,0.300512205865524,2,Buồn ngủ
0.16582590032656222,0.11261728201003963,0.17964139652403163,-0.11419949438908747,0,Chú ý
0.09452964788806442,0.10920814835424267,-0.22060251707938586,0.22792515340956468,2,Buồn ngủ
0.19773872843293372,0.14488528346343774,-0.7655218020178539,0.17712208280754382,1,Mất tập trung
0.23177934042616305,0.09267815504260377,0.5513052879518248,0.21118791672105558,1,Mất tập trung
0.25323559859772055,0.11734955021194743,-0.14659350716157268,-0.11609790994773224,0,Chú ý
0.1922861009733523,0.03545756341292556,-0.6161606579534847,0.00607053059350279,1,Mất tập trung
0.23475114861458898,0.10460334659360103,0.18517661844802258,0.06549310717037571,0,Chú ý
0.21665029031431818,0.10724747917551095,0.05485391283464773,-0.0746552218928469,0,Chú ý
0.2193795368281072,0.12361389728408081,0.40776905873676544,-0.2630205155641581,1,Mất tập trung
0.13858076568543545,0.11518912936271719,0.2358600378217458,0.5532710495886675,2,Buồn ngủ
0.15090588048092943,0.08570597575197592,0.19274110933230457,0.10115346593556473,0,Chú ý
0.15839939540757372,0.09103655236306973,0.019600278725479713,-0.16179917742647562,0,Chú ý
0.061506205139332505,0.1840009108274863,-0.014288305821062462,0.5520711723452115,2,Buồn ngủ
0.042846241419439754,0.200884824251893,0.06340488404614908,0.31937659143638014,2,Buồn ngủ
0.19569395845168644,0.0723998529181339,-0.13344441033008272,0.13827805076518238,0,Chú ý
0.21306976718859796,0.07440765951308712,-0.04744940463239662,-0.08007137098470535,0,Chú ý
0.10975064787319862,0.0996454869098557,0.13894790745385485,0.4103411095225509,2,Buồn ngủ
0.23028844949753283,0.11342403591133142,0.349924462137933,0.3486654394766569,1,Mất tập trung
0.25848866855438424,0.041282910074042896,0.08926629328661582,-0.41629341370401485,1,Mất tập trung
0.19898117301581658,0.16258500016488137,0.05494539729882847,0.12461464091052141,0,Chú ý
0.19521880132547162,0.06674895210025887,0.6185418268468187,-0.7835859331437003,1,Mất tập trung
0.17349140627076376,0.10100161002342495,0.07944371044575839,0.19011781314672896,0,Chú ý
0.13626776258412662,0.16141128528849533,0.018172454366326134,0.21934158050698951,2,Buồn ngủ
0.1741167291783499,0.06501021282383526,-0.16929176503723292,-0.014705820822752007,0,Chú ý
0.1800006882994123,0.1683834579700386,0.35823747015628327,0.20788239018561203,2,Buồn ngủ
0.24651075245930826,0.1357143938435575,0.1473823860615424,0.29554035975001464,1,Mất tập trung
0.06535471363269287,0.2277871316188948,0.3465294309909677,0.29433926614070594,2,Buồn ngủ
0.2415091791286178,0.13489315034381433,-0.10719838326792448,0.052817409189644594,0,Chú ý
0.08780321331473553,0.11268326142820072,-0.09583543328632418,0.30327275252378433,2,Buồn ngủ
0.24464204475223592,0.10972521770065173,0.5668148363276752,-0.03608485160421948,1,Mất tập trung
0.21410021051364503,0.0789360237669817,0.22105811661046998,0.17066423749452425,0,Chú ý
0.1789921343895646,0.09392061861143133,-0.6692905564078465,0.7284810964424884,1,Mất tập trung
0.2413218369675945,0.09071374119030995,0.47264686083993745,-0.07374752658414532,1,Mất tập trung
0.14216240519295095,0.11056577683390792,0.1831497465382273,-0.35704175781463393,1,Mất tập trung
0.18969964534111622,0.11170496564482107,0.05931752485655767,-0.25953865832317763,1,Mất tập trung
0.22320149046339408,0.1286647133493032,0.029324064967849214,-0.12832509322971603,0,Chú ý
0.28928325994472776,0.10439499726567807,-0.2893503428565224,-0.29742912835935,1,Mất tập trung
0.18099516949775882,0.06794166749617388,-0.3483488039008389,0.49530286104885096,1,Mất tập trung
0.19619133620613688,0.11269769121925009,0.6675062227156279,-0.377794317102372,1,Mất tập trung
0.21598322959076294,0.07941179968592457,0.01891592574435369,-0.20973134599228252,0,Chú ý
0.1596270922217483,0.10332068659202369,-0.032147454076457624,0.05024439353873168,0,Chú ý
0.23868163381121138,0.15513575198090518,0.06258716733997409,0.2902890386805628,1,Mất tập trung
0.1543372990870605,0.154772852626725,-0.5847891726297798,0.6729961977972779,1,Mất tập trung
0.1021700519401143,0.15326474092022535,0.31628247623151856,0.35799761025241955,2,Buồn ngủ
0.21876596058982067,0.06357371337034204,0.47603879592607173,-0.6119892771745484,1,Mất tập trung
0.05486866642839663,0.1418518993921989,-0.4018961847207989,0.34315397784836077,2,Buồn ngủ
0.18728170667220392,0.07908833750044614,-0.08220028175451186,0.06039687632154135,0,Chú ý
0.25762806963763907,0.19299172219430577,-0.030316525374607318,0.6859508257985922,1,Mất tập trung
0.12748620197322572,0.21545214862109033,0.1307281095120903,0.5362938372272337,2,Buồn ngủ
0.26692521439798317,0.06385172246874185,-0.05039040733798023,0.2176333812793539,0,Chú ý
0.10654442014875151,0.1249008018370155,0.2202339053985331,0.5735233175172413,2,Buồn ngủ
0.15146424553978324,0.13027934064746907,0.18967829412952866,-0.03419695573295917,0,Chú ý
0.20075115703107957,0.05798168147271901,0.13908251691412588,-0.24432255159404276,0,Chú ý
0.13678449135313914,0.19163828358114707,-0.07277743564558671,0.4236644352841574,2,Buồn ngủ
0.21002585192032883,0.10435749934012165,-0.03970095221335137,-0.19477971904282354,0,Chú ý
0.2638911217206401,0.11565280477382674,-0.009683089043084576,-0.1859351794194419,0,Chú ý
0.19144853619545807,0.140590905373788,0.7274355481879871,-0.5990632732563751,1,Mất tập trung
0.15395788727969373,0.11083425642233047,-0.0351104568056989,0.09383780414173606,0,Chú ý
0.18662913187086508,0.027171501505458023,0.1050641676533828,0.19599002577679314,0,Chú ý
0.12085440119613854,0.15522119393603312,-0.3927236181207449,0.45004642568043274,2,Buồn ngủ
0.18205405275477293,0.09094262931862883,0.1894642597385364,-0.013690228590149494,0,Chú ý
0.1925772770654008,0.08191776112188943,-0.17165308244643024,0.03975530325033033,0,Chú ý
0.16802629813569978,0.0425168498588381,0.033742784782342494,-0.1647143478856905,0,Chú ý
0.16431600462228954,0.09634153049569096,0.6391014779346685,0.6100060239673549,1,Mất tập trung
0.2446681466035588,0.13650659979395996,0.07761623033287163,-0.08182676904131375,0,Chú ý
0.1573928991083826,0.11784509495862186,-0.1052426422864908,0.08284894588611286,0,Chú ý
0.04226563059395017,0.20374267655255512,0.12838490297906952,0.26259357135074923,2,Buồn ngủ
0.17858718188215925,0.06927857157648619,0.01440705050434805,0.12819739783821102,0,Chú ý
0.0912837320908095,0.12125364046089587,-0.04943931607187932,0.5938132152138774,2,Buồn ngủ
0.09872224973690465,0.1771608261793869,0.3419651593644174,0.5226590216721364,2,Buồn ngủ
0.21625600453357405,0.1421308340873906,-0.18340913181463406,-0.20212904943912363,1,Mất tập trung
0.21776975434441478,0.14204623762732452,-0.18268987992627433,-0.19112004808663144,0,Chú ý
0.14748861058783386,0.16358645611465522,0.2609298617604789,-0.0650972037811269,1,Mất tập trung
0.16145110256660408,0.09717867991471824,0.6115779069642909,0.572177821658012,1,Mất tập trung
0.17365365726592785,0.09689388828812631,0.4639761132033465,-0.1664810738991899,1,Mất tập trung
0.18343386144121956,0.06231349267589209,-0.19971326051065283,-0.3876896713593542,1,Mất tập trung
0.140867505079443,0.12687687708688258,0.10997547577058336,-0.20937076840369112,0,Chú ý
0.09172350233195858,0.11159550724900982,0.19769101845977094,0.2297067297523296,2,Buồn ngủ
0.24709943373669346,0.12653498634934796,-0.09260197032250607,0.12460587625047231,0,Chú ý
0.1767962017837872,0.1683791831110652,0.22569406625945837,-0.19404395171652777,0,Chú ý
0.1660172578530072,0.09253656988685875,-0.1551647042582952,0.06771835528840427,0,Chú ý
0.0672814048348846,0.1116068729514099,0.17537885828396035,0.3022630579368531,2,Buồn ngủ
0.1272247642696445,0.039046920834367296,0.11053763338396139,-0.18430415117995858,0,Chú ý
0.16785321405852824,0.08127832353113967,-0.10753327290028497,-0.00270364724439358,0,Chú ý
0.07294194859312093,0.12475652317773141,0.08420444033453417,0.40019203427722794,2,Buồn ngủ
0.17281826344334655,0.08115931706441429,0.01070814530215014,0.2559900828564303,1,Mất tập trung
0.21851074579025648,0.04851295341051347,-0.6686537511919702,0.30201259847802003,1,Mất tập trung
0.21750921289677688,0.08210928280313187,0.06370691564841577,-0.04338875040721703,0,Chú ý
0.22907368862315236,0.08153870738104035,0.06488248820931973,-0.15177689796773558,0,Chú ý
0.17225449531145304,0.12816831573271173,0.40519926739833356,-0.6651876106316652,1,Mất tập trung
0.18942383346823546,0.12503672005698543,0.3067099368967965,-0.7699097942116886,1,Mất tập trung
0.2409236517579847,0.13426455373783117,0.06133550615877931,-0.10546897206390317,0,Chú ý
0.2476163096315376,0.19733712336629936,-0.151623181657078,-0.04917829641488147,0,Chú ý
0.17866318683022345,0.10094122466771696,0.7163341414043253,-0.016436038975268102,1,Mất tập trung
0.21143941789299858,0.13204071532365425,-0.18801004122973647,-0.010982780624872394,0,Chú ý
0.23617206340180336,0.04996307088981657,0.24933567190974787,-0.8041250061003535,1,Mất tập trung
0.07739409180729752,0.1718353610292515,-0.03386698856690895,0.4971653106066116,2,Buồn ngủ
0.2672069189087991,0.066047548494382,-0.07325461480868965,0.8124235010347113,1,Mất tập trung
0.08130656787330041,0.1751703233827244,0.27669980982383846,0.35166444977878414,2,Buồn ngủ
0.24261249206869342,0.04332832176714887,0.4222006120455648,-0.22915474409370526,1,Mất tập trung
0.10944022422012044,0.1518615148058673,-0.24657699786267467,0.3352676736119023,2,Buồn ngủ
0.04882443421402363,0.14507305232623371,0.00015494764336492373,0.5009696303039088,2,Buồn ngủ
0.2312566651851915,0.12751375773121865,0.07978384550261283,0.7863588977487878,1,Mất tập trung
0.12687168934006735,0.18917092932670532,-0.2619976927037858,0.44518801055215385,2,Buồn ngủ
0.23376254444138764,0.12739847166841475,0.0031982001163964394,0.13502473644893387,1,Mất tập trung
0.21797552288756805,0.07155959001704969,0.5028345343606528,0.15003650503472574,1,Mất tập trung
0.23803498943491674,0.05658766403223969,0.016231898652318083,0.021309330753899073,0,Chú ý
0.16119219945230703,0.0828212315208657,0.45108285840098183,0.6835057821673786,1,Mất tập trung
0.12663440021879926,0.13476545589945776,-0.24683296754580306,0.5394126878851875,2,Buồn ngủ
0.18798201179673604,0.09540163593837836,-0.17102517602421183,-0.038302396438137654,0,Chú ý
0.1870849868125333,0.12193391095207176,0.11764667321434313,-0.0734451355238512,1,Mất tập trung
0.11393676573622297,0.06346925384670588,-0.04286073907721939,0.6203234823395847,2,Buồn ngủ
0.22104831436044237,0.09588830721209982,-0.13188401999622346,-0.20907887531440195,0,Chú ý
0.15863944352638104,0.11651386615340602,0.06721009568087379,-0.1475487088449235,0,Chú ý
0.20424846646803357,0.1033984454022278,-0.06160775830012122,0.0014277947696695187,0,Chú ý
0.15529361868285557,0.09651718158663532,-0.039401790393132616,-0.13085654804796576,0,Chú ý
0.2624299340558257,0.08975767113131551,-0.387712682682473,-0.6490831481265438,1,Mất tập trung
0.2664756713641113,0.07436799259090619,0.13983402304509546,0.06871224949621639,0,Chú ý
0.0817626368827558,0.1612036375274913,0.2581428128467034,0.39496327783960516,2,Buồn ngủ
0.2310230465949529,0.11263203599003002,-0.09343290254954698,-0.11695251560472385,0,Chú ý
0.24074289811107447,0.11419020355214037,0.07565571757838073,-0.03358741082197081,0,Chú ý
0.19751256021964828,0.1471337442702016,0.24604701191290296,-0.22629372221857683,1,Mất tập trung
0.13437906353900594,0.14677793442066955,0.3471634849018472,0.3470515456157234,2,Buồn ngủ
0.19834069669849924,0.06193035325212,0.16337015678700795,0.1441176606474861,0,Chú ý
0.20338893327089938,0.13935024458271875,-0.12232484302370339,0.1677394871463871,0,Chú ý
0.20570600664643157,0.060996632852224425,-0.6499744362946425,0.04173534976370012,1,Mất tập trung
0.25710460699180926,0.09753740943027762,-0.5854398023558858,0.0375317621556513,1,Mất tập trung
0.20476661582284986,0.10930917207266509,-0.15018805361982157,0.12124221453461488,0,Chú ý
0.24341712473030022,0.1167658237963789,0.13748348523607254,0.1442137265962828,0,Chú ý
0.21755725689613495,0.07623568544479556,-0.18967164095461925,0.5766777561686031,1,Mất tập trung
0.22693798990319475,0.1044549183801391,0.43381292562867474,-0.45985040245639586,1,Mất tập trung
0.04359501957307606,0.08569763057161087,-0.07803753828259394,0.4763608561449621,2,Buồn ngủ
0.17793356067685304,0.1553747612051962,-0.07601523636631226,0.040296225309734035,0,Chú ý
0.22798669036079097,0.044889256164606796,0.2702885696886823,0.28807010745398204,1,Mất tập trung
0.20892089277506956,0.1215615061480343,0.385815488356687,-0.4865265703348593,1,Mất tập trung
0.1938572563455694,0.1539987427092219,0.12952201284441042,0.5871822723385958,1,Mất tập trung
0.18949180939063293,0.12829628366505397,-0.025298174819037865,-0.19508586366346284,0,Chú ý
0.19833144711630757,0.09483999619269057,-0.25371308850384683,-0.3329882628367041,1,Mất tập trung
0.1390190562179882,0.13160430375762663,0.058018363784825694,-0.13322176511177558,0,Chú ý
0.22762008275292955,0.1718108797011144,-0.15209761404309666,0.7611571021232771,1,Mất tập trung
0.1630516278914704,0.10347354410567812,-0.11268031467663525,0.44920230162139907,1,Mất tập trung
0.20755548256928694,0.14898555495052881,0.28223079172388355,-0.25464198047320663,1,Mất tập trung
0.24363793579072524,0.11998439097351536,0.01288519565529109,-0.16143300803397947,0,Chú ý
0.16141074810940098,0.07267678389539446,-0.0010978470226218212,-0.15126473339249683,0,Chú ý
0.23394108469798375,0.03667052436490967,0.13329163932468127,0.013547899659356388,0,Chú ý
0.18022877873917706,0.09585305008584973,0.5736271306457814,0.5356409465087273,1,Mất tập trung
0.1951270701589584,0.10828294667091622,0.1034831326972671,0.1732069728473473,0,Chú ý
0.15754445649955756,0.05487091659536128,0.22821058421960239,0.1774602026705762,1,Mất tập trung
0.15704791515239838,0.20371121143005275,-0.17676061509392427,0.31734677524438665,2,Buồn ngủ
0.1793419818292078,0.05578485521512027,0.08478777576406277,0.4125916012814065,1,Mất tập trung
0.2649529149227991,0.040071804214340256,-0.036870109464381094,-0.1748623234083316,0,Chú ý
0.06303274675035175,0.1963405647884102,-0.1339111886318099,0.5236066966085656,2,Buồn ngủ
0.20271549373507516,0.12410360797138763,-0.02544533335287952,-0.13590904923572358,0,Chú ý
0.1677577643428194,0.16366153255153087,0.6121506932446453,0.41466899484260433,1,Mất tập trung
0.1824527781654067,0.08499295101930929,-0.4908942318822183,0.019328550390266534,1,Mất tập trung
0.25898567892220253,0.04559975515238736,0.03023288407604091,0.48398329439411397,1,Mất tập trung
0.09700871245108483,0.10049135330798387,-0.17517093775665893,0.38031508589641355,2,Buồn ngủ
0.1771765038963684,0.16880328324285498,-0.0028766402812814163,-0.14446316855710103,0,Chú ý
0.1395381712119498,0.10684306337368103,-0.21710245836612327,0.2685443834853842,2,Buồn ngủ
0.23498615992508862,0.1136567982324983,-0.1757018779299209,0.2112791613867086,0,Chú ý
0.231343219520739,0.13035910492394157,-0.33725871945772434,0.3566937649199007,1,Mất tập trung
0.09331747986123505,0.17169622477197635,-0.2914666804782595,0.23814728230218202,2,Buồn ngủ
0.1994462053134493,0.05255968561153225,-0.5815747648131594,0.11274451356250426,1,Mất tập trung
0.164813080739677,0.07730273152265119,0.1812194183116971,0.11726681229480768,0,Chú ý
0.13645405608650424,0.10582539257427241,0.05565568228139853,0.061490419783512794,0,Chú ý
0.18243633050790908,0.0687856185919005,-0.24071472171428096,0.7672933152843638,1,Mất tập trung
0.20061177270336603,0.09630193419670038,-0.12183921367740867,-0.013027153093405942,0,Chú ý
0.23737648953970567,0.043633756878434106,0.030370348879932545,-0.03332142251338348,0,Chú ý
0.19371787179085725,0.13114902043577625,-0.10440377508826729,0.2256432062659946,0,Chú ý
0.10445289311376721,0.16416296849255196,0.2561978273259103,0.4435458041506453,2,Buồn ngủ
0.2265011965244306,0.0700474560548287,-0.4917041284783124,-0.046886395785634374,1,Mất tập trung
0.07603861274908934,0.23977776017455626,0.3667211707745985,0.35744659456183386,2,Buồn ngủ
0.18507638877178537,0.15298472673949381,-0.07655935592914345,0.16431580743967808,0,Chú ý
0.22494036706376158,0.08306001655657397,0.07589710233792107,-0.004788537329413364,0,Chú ý
0.19413529797883441,0.10569443036916139,-0.6746450358666407,0.6711776683233635,1,Mất tập trung
0.15352405720651896,0.0832859627274321,-0.5771924353453826,0.5554743773761476,1,Mất tập trung
0.1742073737413786,0.11024572160492506,-0.02833360343234264,0.1505268118057615,0,Chú ý
0.22613238980487,0.08939961205397423,0.07577748092257244,-0.06228055048873242,0,Chú ý
0.08007540023353489,0.22038447841644185,0.1613367495863627,0.4639715365820098,2,Buồn ngủ
0.22458677533474555,0.06489408204319676,-0.017538788431706618,0.10879547761041315,0,Chú ý
0.09715494864827035,0.11990775382406225,-0.34607050154810004,0.5733892006017194,2,Buồn ngủ
0.2596812060088005,0.15694539911804103,-0.07381783075253436,0.1281289385788473,1,Mất tập trung
0.14899977732948905,0.0872097474915802,0.7456084219144866,-0.43270117903815186,1,Mất tập trung
0.28263024085631855,0.1389004971579827,-0.2628834688029916,-0.7454665466622001,1,Mất tập trung
0.04126196673818602,0.1264401105233154,0.30725015992281846,0.5305373096787135,2,Buồn ngủ
0.07843875054958382,0.12387735113284157,0.34099777805616355,0.3362251235286406,2,Buồn ngủ
0.2206859820841968,0.10953549547624095,0.1808224562498687,-0.12699468289979998,0,Chú ý
0.15018893079142856,0.10543544270953745,-0.49085648958980455,0.23073963198435946,1,Mất tập trung
0.17867950102617733,0.15175290310752082,0.08683444985289046,-0.0396766488169888,0,Chú ý
0.22881914652478497,0.18321738722876008,-0.20831696296417693,0.13212264609529145,1,Mất tập trung
0.16087163062746315,0.0739219520937144,-0.5647680008010807,0.2998170524744912,1,Mất tập trung
0.19983725137716263,0.11583932374713991,-0.05220455948566122,-0.2686560496312251,1,Mất tập trung
0.19208810998345321,0.14747674045832246,-0.1184766925680153,0.14485518708064704,1,Mất tập trung
0.15948560292779815,0.12790791793995163,-0.017599154871479464,-0.14983331635464855,0,Chú ý
0.13877095573546447,0.08609029281554219,-0.07333321117046057,0.08447016248077052,0,Chú ý
0.12019799536507389,0.18173705351706776,-0.341415957769594,0.5636516033538022,2,Buồn ngủ
0.0607978807929948,0.1526215227953534,0.3871396364317795,0.37591999490091155,2,Buồn ngủ
0.23357092330811138,0.09845078380990231,0.7503658630968427,-0.37533656475477717,1,Mất tập trung
0.07561332870327242,0.14247056229106037,0.3843109274448319,0.5478049142057716,2,Buồn ngủ
0.20921331821457895,0.06122610126284807,0.00025614121065038395,0.7682758472318775,1,Mất tập trung
0.1301667552448044,0.07552073811486672,-0.06048774385652833,0.07355526117074203,0,Chú ý
0.1659162011519202,0.13703958704423388,-0.7429979161428955,-0.40148446911997315,1,Mất tập trung
0.2617154574603888,0.1549147935354674,0.18278641343553279,-0.0118720495289921,0,Chú ý
0.20961689806851255,0.11748823851243839,-0.13210334428391016,0.057923803498970486,0,Chú ý
0.15725029839559637,0.11789671251762213,-0.259754014242789,0.27959153366146633,2,Buồn ngủ
0.15817708519955131,0.08751535380346165,0.32326110345133335,-0.18786719143077965,1,Mất tập trung
0.1652482980928095,0.07646671708667516,-0.12899087051904767,0.537181669827481,2,Buồn ngủ
0.0979942311608176,0.1869391411804929,0.17762531672786283,0.392912981771049,2,Buồn ngủ
0.1917264646699779,0.1797152702001389,0.11268934930223463,-0.05106860131558472,0,Chú ý
0.07106384448580244,0.11647519378563746,-0.1969612648472128,0.26027625750825073,2,Buồn ngủ
0.13381467737644903,0.14677166797696783,0.4509080490981253,-0.40600883390215625,1,Mất tập trung
0.20081090715999414,0.1325572031583111,0.41171334133016646,0.3676651204064239,1,Mất tập trung
0.19851673391070276,0.15595297841096828,-0.03541470463677952,0.6267119294012391,1,Mất tập trung
0.1218085640362161,0.11301799364398626,0.09302542538851848,0.593920627585819,2,Buồn ngủ
0.25783357457185563,0.06548030503572635,-0.2725810784087924,-0.4054608052869794,1,Mất tập trung
0.21089652717239632,0.11752918300622073,-0.16881278439436634,0.0699112668580929,0,Chú ý
0.16031923862564554,0.09143313382270186,-0.08339543141213276,-0.13683962101728772,0,Chú ý
0.2074065054027629,0.04975131615756691,-0.81049390834901,0.5008363621680624,1,Mất tập trung
0.11770878293951464,0.14311739502923002,-0.31662094017589604,0.5641007764472171,2,Buồn ngủ
0.2653315890533729,0.0529162053088052,-0.10829067307867772,0.5687593981553598,1,Mất tập trung
0.1542800502718578,0.0813854253983512,-0.51464817396242,-0.2504905992119755,1,Mất tập trung
0.24834437168472082,-0.021914848153973293,-0.11570937613162503,-0.7732282116082507,1,Mất tập trung
0.2654473452454255,0.16806300129188348,0.1034056667241328,-0.05888723402164962,0,Chú ý
0.16972043236638307,0.07729766686930929,0.40764705862285455,0.7933234120786824,1,Mất tập trung
0.24782588062484476,0.07845110567410514,0.10840013305361929,0.12897211760938498,0,Chú ý
0.21530470347334613,0.0781677821325059,0.10524204637768735,0.16178434888696192,0,Chú ý
0.20520423146361155,0.07524324017214766,-0.15162709927911516,-0.0985444873684964,1,Mất tập trung
0.20659377432122392,0.06407756530220372,0.04308300337995642,-0.12512602292650182,0,Chú ý
0.20154712570628205,0.07489634155028127,-0.012971902282566478,0.17360441712376323,0,Chú ý
0.07509361701058162,0.19430286366690183,-0.3244423357861644,0.572426274886033,2,Buồn ngủ
0.19628645386045704,0.05260589382849884,-0.03222417270040667,0.07086360662068554,0,Chú ý
0.17459480198182964,0.13696523203452018,-0.10466081938988575,-0.11829405228400199,0,Chú ý
0.2494419782057072,0.08083137488675218,-0.030859175608634395,0.08067730604908678,0,Chú ý
0.13921247791605185,0.1285853298753926,0.19610938083012058,0.3630830072766361,2,Buồn ngủ
0.16989797096522888,0.1327254333750292,0.10565654836349839,0.017912164824878903,0,Chú ý
0.1539220934984039,0.062205804561042535,0.6810987525059483,-0.7634209503443824,1,Mất tập trung
0.15614142561005726,0.10123825276780456,0.05727421061934934,-0.0884746019196852,0,Chú ý
0.15896395582276068,0.10236830848373055,0.06101474709238306,0.06078849175183404,0,Chú ý
0.2509184533912181,0.08057322621282167,0.0031247194201933512,-0.04333454446343041,0,Chú ý
0.1975215250321573,0.06514058800346217,-0.7625820244407043,-0.7379225595837668,1,Mất tập trung
0.12399366815756174,0.16495093166609792,0.17842455103916116,0.578481435555136,2,Buồn ngủ
0.17173115298015398,0.17034254675140464,-0.12875262129032006,-0.17380474786910716,0,Chú ý
0.17939961978461336,0.13598303330037573,-6.479908852415148e-05,-0.12109055288726184,0,Chú ý
0.14405433368826331,0.17446221474441154,-0.028534632494948857,0.3067911227916691,2,Buồn ngủ
0.16519955263727176,0.1675248499783458,0.6021917169010386,0.6707247043273138,1,Mất tập trung
0.2319863594759491,0.08615558241680975,-0.3969369921383363,0.3619560423000837,1,Mất tập trung
0.250687892248402,0.12220516645867237,0.08152527266814494,-0.12813882199413423,0,Chú ý
0.15608758207444376,0.12450742407934902,-0.15928453559238262,0.01887484822603206,0,Chú ý
0.21028079492859308,0.07632072894563023,-0.10763755885471354,-0.08675716491663432,0,Chú ý
0.22185841149292287,0.025743617351052406,0.7005225777831973,0.36111286593462844,1,Mất tập trung
0.14981992891317278,0.15738817155607934,-0.09794189825774847,-0.6999256613312198,1,Mất tập trung
0.05080726387944628,0.1427798960089339,-0.36287912406895073,0.36162081142219465,2,Buồn ngủ
0.1521773084939985,0.14219123903434885,-0.1338647627343,-0.05952839025940561,0,Chú ý
0.1428970378617266,0.06212033851907388,0.2756372907280152,0.6650430900343423,1,Mất tập trung
0.18947534067153,0.11463391245199436,-0.06384118226834001,-0.08366266793247322,0,Chú ý
0.17740389222357944,0.12733064664237884,-0.1162306242096764,0.08132878854797994,0,Chú ý
0.08896444091618035,0.17022633407017088,0.34395800331926385,0.5870019432327652,2,Buồn ngủ
0.1727848801536807,0.066594404606118,0.044945141249497465,0.01513898381336436,0,Chú ý
0.2573201658033901,0.1420862482900031,-0.14039550903995557,0.12923981013774538,0,Chú ý
0.1317466537383692,0.19014846181122416,0.12328149807446812,0.5136220782909053,2,Buồn ngủ
0.07763410431498838,0.19371705836969141,0.32723462808488124,0.2143225176389261,2,Buồn ngủ
0.2602809100396298,0.12484085090228049,0.008404354298032369,0.17020512038398297,0,Chú ý
0.15694975664902888,0.089290738220582,-0.2528776418655325,0.0730059985652623,1,Mất tập trung
0.20598308439033147,0.08152870656573585,-0.011308839483803297,-0.19074901556140683,0,Chú ý
0.1162144480677337,0.1695361767466929,-0.18927929430627166,0.46507217484386554,2,Buồn ngủ
0.08547131673265038,0.16292106966745912,-0.24826188249707423,0.26548581727681014,2,Buồn ngủ
0.14560580261405437,0.09080661431955331,-0.583510862277187,0.35000194010662733,1,Mất tập trung
0.19106101136550227,0.11871938375286238,-0.045786961972008884,-0.08327281113024605,0,Chú ý
0.06594073684726988,0.14169809065558653,0.27087596096041827,0.5583141846093729,2,Buồn ngủ
0.22529336629896016,0.04461216966518386,0.021106492065062737,-0.13839246292058488,0,Chú ý
0.16912298622721467,0.05290276309766448,-0.17408476845929297,-0.07407315760968564,0,Chú ý
0.16745722946719527,0.09720891287757505,0.1994300407085445,-0.1350215055579262,0,Chú ý
0.20349406175124102,0.12766015187032714,-0.20407343811805911,-0.011746624353406076,0,Chú ý
0.21770251618196687,0.11316526717545786,0.5617126306866888,-0.7513925367241375,1,Mất tập trung
0.2114758576438419,0.08429458604807288,0.43881030735233023,-0.3109091451918903,1,Mất tập trung
0.04375605843930584,0.14229261530092868,-0.23725329474610882,0.2771218469784745,2,Buồn ngủ
0.21327518709153115,0.15249457394272636,-0.021046596865405096,0.054510133043877224,1,Mất tập trung
0.1984883685316372,0.06958987256777416,-0.46744317937668756,0.37554280991093425,1,Mất tập trung
0.17513031180927627,0.07085273119268813,-0.07936474091567687,0.16268782754946715,0,Chú ý
0.264880580010325,0.05459941371640113,-0.03568599464585098,-0.2012829306545974,0,Chú ý
0.20811911268549985,0.11368495138479681,-0.113687719047023,0.1934808634234222,0,Chú ý
0.08328673331877112,0.2186065418696384,0.26780784474363395,0.5674649057255198,2,Buồn ngủ
0.08170689178869836,0.16129623506772145,-0.30160683983980546,0.3868242058568606,2,Buồn ngủ
0.15815863957843396,0.1264923129263475,-0.14066357186137426,0.01940552489542987,0,Chú ý
0.1567958339215857,0.18941603098339876,-0.18637512489299174,0.25320009031979457,2,Buồn ngủ
0.2244053977364662,0.0470111884028125,-0.035400689660761736,-0.07286783618986539,0,Chú ý
0.15274616381379105,0.09895337725346735,0.006033422971963718,0.03548946669292955,0,Chú ý
0.2236605222224052,0.03507470833404086,0.15728335402284835,-0.0743062178034253,0,Chú ý
0.23163600833197978,0.08560526795205457,-0.16688548313080187,-0.15391709369558176,1,Mất tập trung
0.2076899380711788,0.14483463197681437,-0.13621670960449853,-0.18220186857809353,0,Chú ý
0.2520648780844547,0.15106267050529829,0.4548820177798494,-0.11831983567553563,1,Mất tập trung
0.20979355505418232,0.12738995647963228,-0.21125733909725142,-0.06809845588249744,1,Mất tập trung
0.2555411549969426,0.11962529054014517,0.11094552322317794,-0.010021748756097074,0,Chú ý
0.12364249261157886,0.12105679348533416,-0.14426348687630391,0.05130598444156262,0,Chú ý
0.20050474547230207,0.05431680789789556,-0.10202063945221292,0.1742083193718553,0,Chú ý
0.1858131363204759,0.0917998713054636,-0.11211643278452113,0.11869125592424341,0,Chú ý
0.1532779358582587,0.13582955504713795,-0.11119880485809468,-0.11945468396943254,0,Chú ý
0.20738389269619084,0.11485520249729468,-0.4487182615297951,-0.7282273463991793,1,Mất tập trung
0.1053801010554152,0.09230676639255675,-0.18814474071994192,0.593101330256579,2,Buồn ngủ
0.23067399553645937,0.11541858004921315,-0.14401516411216886,-0.005173025749010185,0,Chú ý
0.23478336979752995,0.09451619433183361,0.5744302816858465,0.3024924998116317,1,Mất tập trung
0.2162212013581779,0.07333852145515506,-0.044079844271111786,-0.17775414640594175,0,Chú ý
0.2719780549711305,0.11126247491635718,-0.4811156917156223,-0.44044073059768063,1,Mất tập trung
0.20495509313999324,0.06420500677981782,0.09562572741725504,0.14217879098472166,0,Chú ý
0.2197779995518527,0.16040126348209402,0.43875287889499676,0.6675351496735717,1,Mất tập trung
0.1642923184611266,0.09525057487351216,-0.07443768191273265,0.20918566942012012,0,Chú ý
0.2060383803419909,0.11091231695496973,0.06059059441832244,0.06936197405123845,1,Mất tập trung
0.13477002722095185,0.11370831201589998,0.0068238200403895055,0.5993807441008426,2,Buồn ngủ
0.13383127863468627,0.060609836556192793,-0.1514257883184644,-0.12296324057668294,0,Chú ý
0.23034647459055013,0.1354868753151557,-0.07516380720183513,0.12112937009435304,0,Chú ý
0.12831461380647285,0.10403673044150452,0.06812800643754977,-0.17172943077747704,0,Chú ý
0.21699961765166537,0.12922492942865738,0.04817730599748314,-0.19773568052825513,0,Chú ý
0.22505797750347625,0.10284555807505032,-0.0252505615847889,0.13765923295592938,0,Chú ý
0.14531228026625057,0.121178949495986,0.04019237133204432,0.24082040503376728,2,Buồn ngủ
0.23609983925552258,0.06786861669182999,-0.15086378889594612,-0.14803769978351872,0,Chú ý
0.20436659080422423,0.10382149225224242,-0.10934009674274772,0.12592858566354143,0,Chú ý
0.1809086009414266,0.11260182956891243,-0.6429472620402211,0.3121979178506532,1,Mất tập trung
0.19935458106348308,0.06577959825586321,0.011393537533969714,0.5273436246536859,1,Mất tập trung
0.21147951480190588,0.12160944913063858,0.7470111041022761,-0.3965200405378136,1,Mất tập trung
0.08230510604641295,0.12316931407273336,-0.15015320199770507,0.2505353125889094,2,Buồn ngủ
0.2177415121402403,0.09332430035162785,-0.1831515333597293,0.21133488609401893,1,Mất tập trung
0.235539821651977,0.10001918481503733,0.06769494501332862,-0.6612582339708328,1,Mất tập trung
0.2211449922009854,0.1404193490336016,0.06943304039196742,0.08857349950014193,0,Chú ý
0.20920071033878485,0.11203969980705564,-0.4399449927388504,-0.115861432825104,1,Mất tập trung
0.09478721239507797,0.11277751719850694,-0.24878926137540422,0.40316271709935064,2,Buồn ngủ
0.2169146570597536,0.10220029912967067,0.1594579838157801,0.008458375435212728,0,Chú ý
0.17704761649157708,0.16365444433643847,0.2874829026537447,-0.10178467153560393,1,Mất tập trung
0.0820135889133576,0.17547110956226175,-0.14674515993112136,0.4607547004773675,2,Buồn ngủ
0.10392755316674439,0.13879632009830184,-0.29815768652500413,0.21619183865303485,2,Buồn ngủ
0.10202895611940399,0.1711250306978887,-0.1660218657853046,0.2595994174684918,2,Buồn ngủ
0.24370721678360321,0.13617501412559452,0.12094220905114252,-0.13825058032951898,0,Chú ý
0.17608995907074865,0.11632385506887426,0.15863508272565566,0.07732984920647235,0,Chú ý
0.1199449380817394,0.09105332711873887,0.10859930062740594,0.23282175527375834,0,Chú ý
0.21833035418005775,0.1215804964802731,0.28736698079894807,0.4151450732362687,1,Mất tập trung
0.17139157319031315,0.11445576878326025,0.03985593581506792,0.029764027404808255,0,Chú ý
0.16482522848737044,0.11274650007051251,0.03636469320422733,-0.08182220902666887,0,Chú ý
0.1518286723217464,0.12462967426633151,-0.02397766898812161,-0.015693481984531313,0,Chú ý
0.2599433432210668,0.03913480808592022,-0.05902426088781401,-0.12846773641811582,0,Chú ý
0.16690640820774175,0.06714335780273285,-0.43824764720189774,0.6200310689896704,1,Mất tập trung
0.21476418072271783,0.06448133850362792,0.2989592138684413,-0.7379388623743328,1,Mất tập trung
0.07459342489221175,0.1351451443031826,-0.3907497238893189,0.3220551036488056,2,Buồn ngủ
0.23472817806588203,0.11755254365369801,0.09124190626164098,-0.023921434320428942,0,Chú ý
0.22923620198050565,0.12664001831330574,0.03270972057041958,0.1465640674751066,0,Chú ý
0.21440766281829657,0.06652079387348978,-0.2480918768609608,-0.49557611016744,1,Mất tập trung
0.14361399553107823,0.19775020746373878,-0.010180375477819335,0.36370096772614163,2,Buồn ngủ
0.15600823442658707,0.1256896817768318,-0.09737814668178461,0.7386951452222006,1,Mất tập trung
0.2061312557343846,0.11494795624265924,0.6267480050782125,0.19804107581286456,1,Mất tập trung
0.15589191411180123,0.08324724889327423,-0.04263758574580524,0.12252762915178353,0,Chú ý
0.2045844665470046,0.08888290884391485,-0.029295977295265407,-0.07933168030162771,0,Chú ý
0.21970066377966616,0.13249559112135992,0.1572812391325003,-0.030170886552328774,0,Chú ý
0.15408888921894148,0.10895883150526837,0.10371681105220261,0.6339388251024087,1,Mất tập trung
0.2443866599267719,0.1117639595017178,-0.6774414054855421,-0.49684738800518646,1,Mất tập trung
0.08882963308490857,0.16078234028473862,-0.12790705459508822,0.436799024686141,2,Buồn ngủ
0.2041569910381916,0.07595556642127255,0.18937317097104503,-0.5656693509305268,1,Mất tập trung
0.1741483030639354,0.058164871244050516,-0.1461838547180523,0.167306202617533,0,Chú ý
0.2001161500867418,0.10590729089371366,0.13621909124338252,-0.08957886030043886,0,Chú ý
0.2568690105661247,0.07586793283773444,-0.5760558345965358,0.30913703494197103,1,Mất tập trung
0.1370095439409176,0.21828013028844043,0.20209810778370915,0.5282682524910295,2,Buồn ngủ
0.15625704839465743,0.0711973766202046,-0.19047967720917916,0.018906637815653483,0,Chú ý
0.21964434301263958,0.057607901230231955,0.09481716735426896,0.1689969923923804,0,Chú ý
0.0954070453120344,0.19023215353989495,0.23184383454120341,0.4861463151062873,2,Buồn ngủ
0.20526257511322454,0.17069725168982572,0.8241572531004424,-0.6436796828948563,1,Mất tập trung
0.14484185817688727,0.006373061198474153,0.764066733343412,0.22878998680668652,1,Mất tập trung
0.23324000630615505,0.07608507056396463,0.05294026647242568,0.04048255029511767,0,Chú ý
0.10422938773759394,0.12435199600796637,-0.36192522903787966,0.5813576759251358,2,Buồn ngủ
0.20774702838885015,0.14836143405042254,0.48857429639874517,-0.6340268187698717,1,Mất tập trung
0.23852905246078068,0.1171378937531963,-0.08959677989222914,-0.017164931254587734,0,Chú ý
0.09884087770540569,0.14235955043095797,0.33176703058235774,0.2132488177348004,2,Buồn ngủ
0.1648659915542736,0.14443522206277853,-0.08058909751106097,-0.10798994071155135,0,Chú ý
0.1666887612719781,0.14410616973686632,-0.7151775377848648,-0.7934499376669449,1,Mất tập trung
0.1636513083338934,0.15404526569049984,-0.05261490316088249,-0.017603013567051677,0,Chú ý
0.20686780252497655,0.11059131372934893,0.6322272772694416,-0.1433112396301631,1,Mất tập trung
0.23102260785843462,0.148658397963459,0.102614882491455,0.07929047296155559,0,Chú ý
0.14205923547219607,0.10064021117430613,0.029297508159045867,-0.10718056152663549,0,Chú ý
0.09861019937736058,0.18863401945894853,-0.14746507351680502,0.3494563270309983,2,Buồn ngủ
0.18050465877398603,0.10454773229413836,-0.3746274506942858,-0.759618006652589,1,Mất tập trung
0.2338739609788542,0.059721914238116486,0.12941475046230563,-0.05533438308188872,0,Chú ý
0.2026149677483432,0.09611816652738144,0.20753874759280047,-0.04499646216645553,0,Chú ý
0.09387737656994606,0.13139553969205262,0.32822003731837174,0.5891952934385757,2,Buồn ngủ
0.21835640357693645,0.15121330833925983,-0.035391292682608114,-0.012311285425892287,0,Chú ý
0.2433479412438421,0.07679041058742615,0.036457034653119114,0.3177163444862836,1,Mất tập trung
0.16952535312374717,0.15866996670464115,0.2595663536651974,0.04589060923596898,1,Mất tập trung
0.22073417547458837,0.0703332932305892,0.12356596894582408,-0.26874022327549707,1,Mất tập trung
0.23306093185000748,0.08825962834154055,0.053431676871926195,-0.11227660296804459,0,Chú ý
0.1455802740583229,0.1149402821311667,-0.12257140074731833,-0.08605083977496453,0,Chú ý
0.06503940652509417,0.13489498519676996,0.12065937793257901,0.25539383252962977,2,Buồn ngủ
0.1863250736971284,0.034800408514854074,0.33932903073484,-0.16559496488839798,1,Mất tập trung
0.09919483383945325,0.1491103467798135,0.11507597122976505,0.5104409785828548,2,Buồn ngủ
0.01700137454714091,0.17491006886559915,-0.31912648448674935,0.537510751657982,2,Buồn ngủ
0.15383820086885233,0.14547601498711318,-0.1480397865105869,0.04362046307783639,0,Chú ý
0.19210854551696305,0.12370939723733232,0.08648551100626226,0.16306743287679368,0,Chú ý
0.14728082483804045,0.10740002001793739,0.64632410970046,-0.5616823482173503,1,Mất tập trung
0.210397234816221,0.09088975116769393,0.17836951113580798,0.17391273498863732,0,Chú ý
0.1656874033964459,0.07702290083479744,-0.1320632965755481,-0.03132116098201075,0,Chú ý
0.18417499923380592,0.08252621958190108,0.05296396551940247,-0.16516290329996647,0,Chú ý
0.22491045108867144,0.053575815446917675,0.03319504865927425,0.1238236849575449,0,Chú ý
0.16133312415054277,0.09596317954786016,-0.5034098380380844,0.18990939238263033,1,Mất tập trung
0.17102611391548764,0.12318321072686919,-0.011813144223853,0.17098024097786005,1,Mất tập trung
0.14075858249219944,0.21397438910701602,0.1849558461119131,0.3764937310686405,2,Buồn ngủ
0.20134054527273634,0.06377430167385405,0.1881441478318195,-0.1521715112167437,1,Mất tập trung
0.17134873298887868,0.12344782495967269,-0.4112673660403888,-0.07711233368522735,1,Mất tập trung
0.08911516891512383,0.18259003870350426,0.23202019125111684,0.33719426421079407,2,Buồn ngủ
0.21712984241643263,0.09142045564234141,-0.20376049243825345,0.05499383974148829,0,Chú ý
0.1876529417786503,0.10960870940484285,0.7889544753463146,-0.6498915511590859,1,Mất tập trung
0.15260640327417088,0.1940959256683958,-0.08277511470085724,0.42808923813926325,2,Buồn ngủ
0.2242373472877229,0.1129321099794207,-0.07424391352167183,-3.7020754811609505e-05,0,Chú ý
0.25584559303768833,0.11228427806585034,-0.2977653392526434,0.1034031409792327,1,Mất tập trung
0.16244184731660813,0.10381678748849862,0.31114619895822576,0.21036607157760387,2,Buồn ngủ
0.24130908686312416,0.07905285878848871,0.17567994078266697,-0.17788350130458896,0,Chú ý
0.13080099987724672,0.18549906403376124,0.33312293992827285,0.4872162259918559,2,Buồn ngủ
0.1859483471432828,0.14448003996102293,-0.05253150584456673,0.7630448593144521,1,Mất tập trung
0.07838752394984552,0.1492869578578226,-0.0022762734423326363,0.22030484122774743,1,Mất tập trung
0.24317755659546011,0.0637387290425363,0.08644220190382558,-0.01258627451871946,0,Chú ý
0.1655277839638968,0.12717005236549941,-0.06620134275054015,-0.10397229366744978,1,Mất tập trung
0.1077643319338956,0.15379982840949868,-0.12455425928256993,0.3795874435735658,2,Buồn ngủ
0.1815416996434059,0.1291330220156039,0.7089190453166426,0.5959882735258202,1,Mất tập trung
0.17861587576919732,0.14046853794256847,-0.1207536670190972,-0.21784625288493806,0,Chú ý
0.07106906890709339,0.15358603041075508,-0.08241146103253692,0.3943846417627028,2,Buồn ngủ
0.15504075630843137,0.14196301559671268,-0.022138609633788303,-0.061259464963270324,0,Chú ý
0.18526180498248168,0.0823290084796558,-0.00617218298407444,0.017556143400560532,0,Chú ý
0.18209496527349273,0.08962020038701626,0.7240330612293996,-0.07422833113530827,1,Mất tập trung
0.21254561799215843,0.030281001395995186,0.6872943515392842,-0.5478485674092923,1,Mất tập trung
0.16932728532917649,0.10515920765799092,-0.02194438641531935,0.6007847854739462,1,Mất tập trung
0.17963362028836447,0.1038113285297677,0.18006192077652383,-0.2857916897506839,1,Mất tập trung
0.10415592285816726,0.09158188735347253,0.21960350395499517,0.49030521551488226,2,Buồn ngủ
0.190282934527671,0.09046810667308747,0.06283144500688606,-0.4665019134946635,1,Mất tập trung
0.09481252828067377,0.14858544923276637,-0.26011607937193937,0.525267961210892,2,Buồn ngủ
0.20096267764006354,0.06110589365835696,0.05494005643830957,0.09477664194375947,0,Chú ý
0.19657318153255177,0.04891822624398703,0.07913148158227047,0.007959946063620365,0,Chú ý
0.05908287026805116,0.13988878297602245,0.3711724400186411,0.28192669953820054,2,Buồn ngủ
0.23414481576240795,0.043718521943881566,-0.5812431784968184,-0.02700713897761101,1,Mất tập trung
0.13503620197948868,0.12008236226933379,0.10231276590110797,0.5122363855077334,2,Buồn ngủ
0.08849898369209307,0.1559592177806844,0.05211311962632818,0.34712965676775576,2,Buồn ngủ
0.1576691024450036,0.10345123613581265,0.25477058894373306,-0.6439716425146511,1,Mất tập trung
0.06227609110641494,0.085004076370104,0.08346927553966206,0.3408942506909011,2,Buồn ngủ
0.09147533691140212,0.15052869355859108,-0.06671399868314552,0.30980756812066257,2,Buồn ngủ
0.15799749435528213,0.14452010091460818,-0.21392064073055195,0.6951377646032213,1,Mất tập trung
0.20523358063598543,0.07681058414451106,0.35305336269441073,-0.2221571280223254,1,Mất tập trung
0.045429003855951416,0.16503247875699498,-0.3199241935712341,0.31129006750121296,2,Buồn ngủ
0.21854420410574668,0.11824956723532397,-0.004905299880867756,-0.16200415991163747,0,Chú ý
0.14427514624411908,0.17088083530501832,-0.27288028841641315,0.5381483946345111,2,Buồn ngủ
0.21222738951976247,0.033620025393356,-0.008581838839404722,-0.02796330798285311,0,Chú ý
0.1989368549101844,0.1451002976043991,-0.07884178482897101,0.14461385265826737,0,Chú ý
0.14559018622829153,0.06629616249039198,0.0001154488971587403,-0.12464275861839605,0,Chú ý
0.08513444717063165,0.17830088827550936,-0.18204300652832894,0.3675024488143245,2,Buồn ngủ
0.202537605918947,0.13075397739596306,-0.07335035922925295,0.032213380961001487,0,Chú ý
0.1384199524471627,0.16026370138661497,0.0177236089429307,-0.1609245188307866,0,Chú ý
0.10665318093861452,0.10829071992909745,0.1289434907880526,0.33103480199899893,2,Buồn ngủ
0.18411184917751777,0.13174466636651905,-0.08858385986066394,0.4402281644970349,1,Mất tập trung
0.11900619488000236,0.13329655082625086,-0.1747173692739028,0.5399453469864188,2,Buồn ngủ
0.05572950903838938,0.19058506102615846,0.3884348375615329,0.4811363684297647,2,Buồn ngủ
0.035987628780697535,0.1589548629786724,0.03962668787439502,0.5686996940801553,2,Buồn ngủ
0.23710013536795993,0.1603247220468968,0.044084151917664814,-0.036732385269928974,0,Chú ý
0.14791757664085792,0.0708080720761579,-0.12150101743500942,0.19525616688244576,0,Chú ý
0.22423636842424716,0.07821323504646382,0.7102531093618616,0.38899316441527726,1,Mất tập trung
0.1484544555710934,0.08097078050159233,0.18748126825260555,-0.00506678709865941,0,Chú ý
0.13635240754766667,0.1412276087726221,0.19020734723828847,0.42155137875088344,2,Buồn ngủ
0.08449188799849461,0.1484725682347647,-0.24892423021085924,0.4627586245612286,2,Buồn ngủ
0.19681142601797347,0.0749988637639484,0.12267504709865698,0.2603151419565922,1,Mất tập trung
0.18646676277296043,0.13632606580356463,-0.21476133301022765,-0.015489428592316485,0,Chú ý
0.21613709727058122,0.0690736826680849,-0.09990796485946694,-0.09820230527535971,0,Chú ý
0.20013124924211217,0.10339775006002268,-0.759961622209884,-0.3170022928968634,1,Mất tập trung
0.15022771805134413,0.08596529417890099,0.1473555607945204,0.1555856753404789,0,Chú ý
0.2580580507894813,0.12365719442386203,0.12210349243872479,-0.008423536123214413,0,Chú ý
0.21585617238022395,0.07289722697245322,-0.013902800985819495,0.10509951196279728,0,Chú ý
0.24696742825863255,0.12553724723112009,-0.5211685989984655,-0.008350552079143723,1,Mất tập trung
0.2364047095750801,0.07881977032898158,-0.1456420768225116,0.16465971489399295,0,Chú ý
0.05796110106229794,0.19812086566121503,0.1602809914720551,0.5578275720152406,2,Buồn ngủ
0.24028254118955455,0.18095544234485259,-0.46108663861846977,0.6033161167892018,1,Mất tập trung
0.22679532200208322,0.1536884559930441,-0.08654317816128901,0.018545512281585862,0,Chú ý
0.21186427095735813,0.16273010698314327,-0.02717728218845081,0.7088025229814212,1,Mất tập trung
0.20310600796865888,0.05322400656642304,-0.4789388932732493,0.21347928039460048,1,Mất tập trung
0.1721289372383676,0.11563281409173332,0.6543316848263157,0.5186280631221402,1,Mất tập trung
0.20831839854442746,0.057217805035155285,-0.5941436991261068,0.3539043265935994,1,Mất tập trung
0.09369533858641199,0.20510846979527594,-0.14690912788749547,0.42977638904574805,2,Buồn ngủ
0.170208070452648,0.06589886879277489,-0.11186958662509845,-0.029160746549589923,0,Chú ý
0.08044565208866608,0.1805060551795266,0.3553696955908664,0.3338087786693404,2,Buồn ngủ
0.1734727101953153,0.11508247204787334,0.11259261371987105,0.08023832510554516,0,Chú ý
0.21809445336789451,0.0636827742456043,-0.7426335725449221,0.1490847523552009,1,Mất tập trung
0.2262675527658336,0.12158106910520834,-0.07714995264619798,-0.16437557690445048,0,Chú ý
0.18179550532083535,0.14814033105841373,-0.1229517765741315,-0.1157588656461907,0,Chú ý
0.21981137487164373,0.17881395136138803,0.08311710163993248,-0.16617794939826805,0,Chú ý
0.23020445524956493,0.06003682035694728,0.10558295963525237,-0.6558431994247256,1,Mất tập trung
0.19340314776380957,0.15380019643905182,-0.058811546310648874,0.16980945499667088,0,Chú ý
0.14791965783859232,0.12077161940478129,-0.1247716364558976,-0.19656876782930885,0,Chú ý
0.07252579390257763,0.14613495296443715,-0.03704575336949635,0.44928821429767146,2,Buồn ngủ
0.050311334182189596,0.20015244139929356,0.35151952607448916,0.4639484716302079,2,Buồn ngủ
0.20389960947482033,0.14592940899687698,0.008063108878218078,-0.11039159081105288,0,Chú ý
0.14535690589748027,0.09587240755241073,-0.1847886645513572,-0.04314201817980847,0,Chú ý
0.20352714787315196,0.1227869587634093,-0.019319752179520016,-0.15905303600552212,0,Chú ý
0.2002996646462234,0.03303442636447504,0.24445550703595964,0.5678179921303976,1,Mất tập trung
0.25533844776035763,0.08188089635007702,0.17148155614708535,-0.16000062026621154,0,Chú ý
0.12496007191136929,0.14631435497401515,-0.319843340241021,0.5198505862850183,2,Buồn ngủ
0.16295062107646144,0.06305225991391111,0.2925531497881926,-0.3530130761242241,1,Mất tập trung
0.16241862454001565,0.08228258393251298,0.05176882369807754,0.18198183047343583,0,Chú ý
0.09301398612078197,0.10764297580400999,0.28856966512398075,0.2214165743598142,2,Buồn ngủ
0.16513258697116284,0.16441732397930192,0.7302684589460278,0.7192469141210142,1,Mất tập trung
0.21830662908236162,0.08486249320329126,-0.1834441575048532,-0.012890948619326086,0,Chú ý
0.20541586456754682,0.09709219101673798,-0.06722557965788017,0.11150998220126086,0,Chú ý
0.12360143843675298,0.12896554212141778,0.27321349871851075,0.40697168743619966,2,Buồn ngủ
0.18076015964912567,0.06691358920980245,-0.6803817564626553,0.0727524794196764,1,Mất tập trung
0.1861337865477233,0.06433515489153704,-0.13066400783561466,0.13933013311580017,0,Chú ý
0.14112017850097175,0.04293100378083088,-0.029301636858290375,-0.0065769026312262596,0,Chú ý
0.1603315374417138,0.09017838272702565,0.07395954558374858,0.19751592421851752,0,Chú ý
0.06136481247971319,0.17721549982867327,-0.21480969111749332,0.22646648459790603,2,Buồn ngủ
0.10373911306185583,0.19455851282847042,0.03147324750427222,0.3547005350894903,2,Buồn ngủ
0.17411622336666838,0.07033680226576101,0.13871630986216338,0.05708650772664153,0,Chú ý
0.2796745834770573,0.1104729766227266,-0.5513697403816566,0.32427489579125784,1,Mất tập trung
0.19349378505024267,0.093467513746607,-0.06878252516102695,-0.3832784672983071,1,Mất tập trung
0.06922811134661534,0.08244275930391867,0.2744012568926365,0.5374891596054167,2,Buồn ngủ
0.11650622759000373,0.15863596036399202,-0.07660035827323901,-0.17503675618735964,0,Chú ý
0.13924982991841417,0.11860363556866406,0.18441538101229654,0.41251245903725087,2,Buồn ngủ
0.18907751160237546,0.14181823586419104,0.18106228858914974,0.18317618713665268,0,Chú ý
0.12847703387004114,0.18088864093071486,0.1507201612664174,-0.14617582635208978,0,Chú ý
0.23330647387683687,0.11547763682190523,0.12674237139423267,-0.09609770399660444,0,Chú ý
0.17138570371312858,0.13150025520467454,-0.0079058695510054,-0.6880749283188381,1,Mất tập trung
0.22338624304634164,0.10778001411500177,0.10498694720490857,0.5991889742959585,1,Mất tập trung
0.15608179691858387,0.17101523328417054,0.23945871864425072,0.2793370325918074,2,Buồn ngủ
0.23907169042645413,0.10694025070820122,0.6011274831737213,-0.2569820583043736,1,Mất tập trung
0.22405137447469295,0.16147004050518346,0.6968267438788476,-0.10361047420015859,1,Mất tập trung
0.16864709334387926,0.06658044587259884,-0.1379039957566912,0.09446538917956632,0,Chú ý
0.21191025983808406,0.10618491407620974,-0.18825101188228252,-0.5276651576754158,1,Mất tập trung
0.1213717832405095,0.1358031468698263,-0.22264847129530357,0.5182434915159997,2,Buồn ngủ
0.22667763634518204,0.14044440311320283,0.007591558336250138,0.6660836960865101,1,Mất tập trung
0.2043539661788233,0.06857128314046916,-0.5180925371364441,-0.13196930960721437,1,Mất tập trung
0.2583676065982875,0.11575887209124304,-0.15273107314516365,0.05887313000389058,0,Chú ý
0.16281277820641835,0.08691245090608207,0.14722584293159424,-0.06119487870775495,0,Chú ý
0.21412364684691673,0.061902468601424884,-0.13302759767294609,-0.07162490307869092,0,Chú ý
0.2458030035473307,0.03525970970036588,0.642362706082452,-0.31761150051769926,1,Mất tập trung
0.11263008985492731,0.13333590389897312,-0.1153098324596325,0.586812181505741,2,Buồn ngủ
0.15879340381688475,0.05470081872988066,-0.6810891947406458,-0.6526851792959116,1,Mất tập trung
0.21223072486964584,0.07977263473916776,0.05777038192721738,0.1852941744722975,0,Chú ý
0.0775261117414487,0.14310003088001938,-0.012809880823998629,0.4052107666996008,2,Buồn ngủ
0.24571623493530242,0.0669753752056229,0.5265961386736708,0.3622083238200658,1,Mất tập trung
0.23114491602189285,0.08685381283074582,0.09211358913245118,-0.025144692452239173,0,Chú ý
0.1835397305160875,0.11200151175956125,-0.49727578836325254,0.11023107672899662,1,Mất tập trung
0.086445265390916,0.13070431435705887,-0.31401648836505863,0.4474890807001604,2,Buồn ngủ
0.15728345088043724,0.03889412416679902,0.7335928878084882,0.4750502090051976,1,Mất tập trung
0.21296350080901053,0.11450967685524785,-0.4341230772091326,-0.2718767727480845,1,Mất tập trung
0.14676748816079108,0.1487765860814152,0.1730434895539647,0.4601831119939025,2,Buồn ngủ
0.20221740603939647,0.09063344045557782,0.01004596840694472,-0.015102533720797893,0,Chú ý
0.2551802556583935,0.06876179010794252,-0.7152894249977664,0.3132663241979886,1,Mất tập trung
0.12156540039773667,0.06156651211275291,0.05115767497519948,0.4674913139802246,1,Mất tập trung
0.19730490396832706,0.08705000146785577,0.18000566260343975,-0.022738701053798403,0,Chú ý
0.157441009644443,0.05819958569696733,-0.00036330761914742105,0.08966067765283742,0,Chú ý
0.21838824398417622,0.13554760356685502,0.11003224741271839,-0.15162731395380985,0,Chú ý
0.22283297461091114,0.05876593273739573,0.1239404682743711,0.15229570587977614,0,Chú ý
0.17421165571480487,0.10358701506546313,-0.036352953245105235,0.07863943294638613,0,Chú ý
0.11440756983203625,0.13263957725396314,0.38653790688341183,0.30316645727159147,2,Buồn ngủ
0.11373834913309715,0.14901943020104727,0.217998220583227,0.4490261257200326,2,Buồn ngủ
0.12285719916443201,0.20485652460849837,-0.3931700816939691,0.5357937417663601,2,Buồn ngủ
0.20757638479464893,0.08358605474464391,0.8015236719728092,-0.7043858806432786,1,Mất tập trung
0.20136085714814544,0.1485587652617457,0.022154863191514426,0.15165063150206848,0,Chú ý
0.17762022454455237,0.10080303002287856,-0.04373700467019647,0.06706843902266643,0,Chú ý
0.22052348885499087,0.07193590095929794,-0.169712239415327,-0.00021292351342816138,0,Chú ý
0.19101655148636246,0.14449806270094318,0.649788119012117,0.3958935080037414,1,Mất tập trung
0.13539186434806522,0.13916207920050935,-0.14813525188055218,-0.03195881702348271,0,Chú ý
0.1889226518655946,0.08397333122638483,-0.011807398763087111,-0.10431922012078002,0,Chú ý
0.24158479840182984,0.07770203430053306,-0.07553091031338753,0.17887562589692108,0,Chú ý
0.14927212594458658,0.10875462836474556,0.1756260840332324,0.05555251271337674,0,Chú ý
0.14595560038140074,0.09869124209501962,0.3639840653403528,0.297911759898064,1,Mất tập trung
0.11245675924939455,0.12949362539445752,0.09626809254268487,0.55709545737505,2,Buồn ngủ
0.19651141699060845,0.08256953659039719,0.20590036757540883,0.08486170430130527,0,Chú ý
0.1808241389156061,0.07338931177008719,-0.7499944596105562,-0.18417550746140812,1,Mất tập trung
0.19189608581613965,0.04190026735273804,0.07524632451911153,-0.124220801643763,0,Chú ý
0.09760182365974182,0.14594283738628855,-0.13225049889178078,0.4780991660360147,2,Buồn ngủ
0.13500187928186652,0.1725090448802428,0.33121973167655594,0.4831601166145568,2,Buồn ngủ
0.20336370115850255,0.09789259609662355,-0.03806018713325222,0.6464598961776987,1,Mất tập trung
0.160162086500974,0.08684168024891413,-0.09758450085994087,0.03344326199537319,0,Chú ý
0.20815310766478823,0.05334457890689813,0.12727739278080039,-0.06075966893570739,0,Chú ý
0.11094549512439633,0.1937026007271546,-0.057402030877398424,0.48110611380126367,2,Buồn ngủ
0.1894460420722824,0.10994673515666538,-0.6151765222192719,-0.3633031627677805,1,Mất tập trung
0.2115520550001407,0.16067084251293648,-0.7351479198207816,0.771743323265919,1,Mất tập trung
0.20531134390146996,0.07479288326818481,0.07065131405316388,0.03556116215537674,0,Chú ý
0.22768355611798408,0.12756689880427838,0.49060053539080595,0.10680926944729784,1,Mất tập trung
0.1373113668248447,0.13637061835921002,-0.015167478042486818,-0.03310774253273653,0,Chú ý
0.16794086562431046,0.04751804847932855,0.0685365660897265,0.09045999830319547,0,Chú ý
0.11359980221560081,0.20036071334748845,0.34517466980446376,0.3335421310624108,2,Buồn ngủ
0.11493035941106416,0.07625566881058174,-0.2804143890230002,0.2881170912198465,2,Buồn ngủ
0.19633002735120397,0.07476093841576636,0.11306536987686684,-0.13096252531160274,0,Chú ý
0.19301582458892116,0.10428094069249301,-0.4768427043839815,-0.6805583378818884,1,Mất tập trung
0.17596579565308584,0.12630964193164493,0.09788553319998969,-0.10891655879748277,1,Mất tập trung
0.10983741722475737,0.16421525833790634,-0.2368295717093718,0.4749470713121489,2,Buồn ngủ
0.12077033201393166,0.17695551842611806,0.047809332643478,0.2221147549583471,2,Buồn ngủ
0.17491494078329833,0.14152170979376288,0.18446201851210392,0.19369984791490627,1,Mất tập trung
0.09975099003698565,0.174920720315232,0.3715187127211491,0.5275145298189211,2,Buồn ngủ
0.20563169313232182,0.1229335296317184,0.7644076824145606,-0.3105745319212675,1,Mất tập trung
0.06783714377395494,0.11100027280955316,-0.09385638500845418,0.5600087050641132,2,Buồn ngủ
0.24561125806725032,0.09578215774159901,-0.056878306654420896,-0.17614699479149876,0,Chú ý
0.23725837597094995,0.10487489818862052,0.6486185383156856,0.35659312342867755,1,Mất tập trung
0.10807762098599975,0.11593669601562975,0.3622788383627359,0.5248544663306958,2,Buồn ngủ
0.18588570661001225,0.12526685997118994,0.05249383338280822,0.48512134032000154,1,Mất tập trung
0.10178675355067841,0.12538478179928622,0.23939214003167517,0.29825611427245885,2,Buồn ngủ
0.1376034740816987,0.12593651508353942,0.33469492642910476,-0.14240763825300226,1,Mất tập trung
0.25363821452732593,0.04836880411605121,-0.19695339738611647,-0.07785452496719744,0,Chú ý
0.09789794262460957,0.15700667858791512,-0.3786854662051729,0.5049868152123524,2,Buồn ngủ
0.21443213135761913,0.09339082370261811,0.4952837180228899,-0.09735318526474436,1,Mất tập trung
0.2337028900083436,0.11094773171713238,-0.008987599820819968,-0.5384165502674416,1,Mất tập trung
0.11346525054904893,0.15557284617500222,-0.7346251226202374,0.3932427409296894,1,Mất tập trung
0.1755255214756881,0.03848671308463809,-0.49107195394669356,0.41650372932276397,1,Mất tập trung
0.23428873042590204,0.15111035131524655,0.5197504947373448,0.7768524944187392,1,Mất tập trung
0.1874870796562465,0.0347009000186884,0.05474004934685381,-0.017952916023359147,0,Chú ý
0.15563262533419978,0.07658610471040811,0.10930611070802679,0.3754852330702288,1,Mất tập trung
0.1819365139241529,0.05063296190011152,0.03934500028516301,0.28102631232565006,1,Mất tập trung
0.2504362218223244,0.14520259236336158,0.36619398169391765,-0.644032442070646,1,Mất tập trung
0.2433042259040943,0.12738926679416618,-0.21071132041466445,0.11414400117797661,0,Chú ý
0.18744165996082224,0.13776404792986396,-0.13307508322734024,-0.15188079771991503,0,Chú ý
0.12862562933238114,0.14831208970851978,0.28631379496596143,0.4254132195506154,2,Buồn ngủ
0.24000672012338278,0.1425824350004742,-0.023593185967090605,-0.08815881557848851,0,Chú ý
0.21671029075365725,0.056983464040208966,-0.4742490715501412,0.6573966699528582,1,Mất tập trung
0.2704792294312941,0.06953214796409923,-0.09164745543551632,0.08881507138422903,0,Chú ý
0.08518420378847727,0.2280302630924299,-0.07462166119420627,0.2328336754950644,2,Buồn ngủ
0.17259682120734807,0.13890901720400403,0.03046204925797747,-0.12238909869919853,0,Chú ý
0.11063138608161294,0.19244527590104477,-0.01076210712590395,0.5446158283236177,2,Buồn ngủ
0.17877739479715232,0.05982147879815136,-0.15332397283726149,-0.24750284208347073,1,Mất tập trung
0.2200778454049105,0.1161595849495647,-0.006424732841303164,0.10977125381871551,1,Mất tập trung
0.2231058506188322,0.14568719631938987,-0.06367683063274063,-0.1756740064414934,0,Chú ý
0.25002959191718077,0.045619479404205215,-0.04929223838593563,0.11162950542814316,0,Chú ý
0.1276328674935391,0.11812080738725061,-0.7688582770347913,-0.8199641049622693,1,Mất tập trung
0.24373881523769605,0.1789477031070012,-0.13397780965272024,-0.713438805791362,1,Mất tập trung
0.2130683699561192,0.09911378974817671,-0.7745990482495282,0.19316131135208453,1,Mất tập trung
0.14519682968077505,0.055227838897553325,0.19467950797446573,-0.04530868627986059,0,Chú ý
0.2055307051603954,0.06430949568603578,0.16632040905979417,-0.057114500641193104,0,Chú ý
0.18985755916826436,0.14882612911987683,0.0047247726721583415,0.11778093220842563,0,Chú ý
0.24175405935110503,0.08146847206645536,-0.1478298954354512,-0.02267505459434218,0,Chú ý
0.12570097407567,0.12552591342485608,-0.22881776113565686,0.30922611788477034,2,Buồn ngủ
0.046274002454931656,0.16338129658176043,-0.28662327649320046,0.5932880636521916,2,Buồn ngủ
0.24927102117683886,0.14821270874280806,-0.02736302801523292,0.14983911064017952,0,Chú ý
0.23221899624834816,0.05899440453438966,-0.3843075659504877,0.5659017414142755,1,Mất tập trung
0.24812504207187372,0.1640353680592591,0.023616994814239154,0.013634342900995796,0,Chú ý
0.09108737697489364,0.12807713988651648,-0.23402765756466126,0.3933459471335331,2,Buồn ngủ
0.21793408788576069,0.06305578685096298,0.16492733928366948,-0.1783965793531027,0,Chú ý
0.18787507674499046,0.16553058100321713,-0.013240549957467915,0.5186394192680992,1,Mất tập trung
0.22083620543157728,0.11860154170547611,0.045529824366977,0.297145762812371,1,Mất tập trung
0.07897237948039422,0.09452819686356305,-0.0464738422913595,0.49548786720203797,2,Buồn ngủ
0.2032049600095414,0.122858639586923,0.052470921504069824,-0.18044421832725413,0,Chú ý
0.07908145104861786,0.08631023890765727,0.3716612191764137,0.326036980009095,2,Buồn ngủ
0.13932538585052168,0.1032428625606801,0.15191144068859838,-0.12998595785211728,0,Chú ý
0.24034764256366942,0.06395975226215427,0.5391380724845537,-0.5997588320718364,1,Mất tập trung
0.20938445465588826,0.09174454431755563,0.1914993797496604,0.02251621116014503,0,Chú ý
0.09182764195487352,0.19114169164751107,0.15096241668899046,0.23739838825152723,2,Buồn ngủ
0.20127300754330785,0.07525339533457781,0.01900939906478353,0.14382700778098642,0,Chú ý
0.25268715917922857,0.08061618638822705,0.08148392821022922,-0.06906759704571847,0,Chú ý
0.23367965103617905,0.05998450447597037,-0.04466382706448081,-0.1489722778483858,0,Chú ý
0.2195539084725388,0.07695119747741799,0.04325383815100591,-0.22294505425162403,1,Mất tập trung
0.1644059569011857,0.12238679614834572,-0.2533443118062559,-0.15250918586643278,1,Mất tập trung
0.1759582291427027,0.10787361025947922,-0.116871186758969,0.11930941744919603,0,Chú ý
0.16557189633380662,0.10280187888777381,-0.6915671621024387,-0.4506604409101435,1,Mất tập trung
0.19952036996628592,0.08923902758943077,0.011939221035810948,-0.04432622285636047,0,Chú ý
0.14139715693638735,0.17194953471220112,0.09829971409487825,0.18096492658724486,0,Chú ý
0.18095112674791441,0.11738932535102503,0.17944095105535623,0.7835440392935319,1,Mất tập trung
0.08935893959883662,0.15018764585399227,-0.2046159670143823,0.4534428042912723,2,Buồn ngủ
0.21452505005518455,0.06439617330269973,-0.02557401453465776,-0.14345393948515212,0,Chú ý
0.0880555296245806,0.17137308504398185,0.14815879080489297,0.21487245969016433,2,Buồn ngủ
0.10087922182141416,0.126650725650924,0.062201226777885074,0.2042522426541555,2,Buồn ngủ
0.15355519660347422,0.18365279261952747,-0.3153460225786877,0.5799829716551437,2,Buồn ngủ
0.1733170200575241,0.04258493686361525,-0.3105869051448806,-0.5540361737007092,1,Mất tập trung
0.054813542463178086,0.12930597117087025,0.26758623043429774,0.535791409347989,2,Buồn ngủ
0.18066986106614352,0.10306358602106552,-0.0891467220142629,0.12383752313684646,1,Mất tập trung
0.17874216275369337,0.06003967107728063,0.07697044515143586,0.11194308139326267,0,Chú ý
0.12226550620589417,0.17126033112665656,-0.2834361573466261,0.3421518459840419,2,Buồn ngủ
0.19868898894564552,0.12933914123320756,-0.09784912158025144,0.1829457833523172,0,Chú ý
0.23898300961990213,0.08962609557663377,-0.14728991120917895,0.7640832174953036,1,Mất tập trung
0.15379489924178888,0.0456914600110569,-0.05884483469142502,-0.0804201086876369,0,Chú ý
0.2112138925515081,0.10111429694588532,-0.19359482506364956,0.6286413978173307,1,Mất tập trung
0.20314736522772703,0.0735154435767835,-0.07534460622613612,0.1455601602452019,0,Chú ý
0.22668247330282387,0.1689111407401558,-0.16559940354062408,-0.1378003155370764,0,Chú ý
0.17773078968922182,0.1093651241058826,0.058502033613885236,0.0511867381849016,0,Chú ý
0.21842383262540654,0.03773332479469156,-0.12062923595041294,-0.12893995129060543,0,Chú ý
0.20184443684596978,0.09031292432063084,-0.058223729390111556,0.047859237962018485,0,Chú ý
0.13460978729151865,0.11253491176505524,-0.0376566397144147,0.2037899035039373,0,Chú ý
0.1935422445734757,0.0922515138154204,-0.16189106467648387,0.1240514851533712,0,Chú ý
0.18691381342690502,0.09898353252283884,0.12900447734263676,-0.09883977902973663,0,Chú ý
0.26739811474063574,0.06852384020022818,0.11395627214953283,0.4527189511241603,1,Mất tập trung
0.19358899030774063,0.084947002885258,-0.1542087700799676,-0.45178493187233554,1,Mất tập trung
0.26113846464366164,0.06521148714005527,-0.20093700595933103,0.0791153991253703,0,Chú ý
0.12937149878088722,0.06432557303441959,0.2698261418704936,-0.054727319798406934,1,Mất tập trung
0.192885127308254,0.13265345535394574,0.0846726027158151,0.3433200891076317,1,Mất tập trung
0.10395252881201422,0.10178465351416076,0.35941410335671287,0.3207310449953706,2,Buồn ngủ
0.13775507629421488,0.09456376966091994,-0.5382180098625156,-0.6334690149210743,1,Mất tập trung
0.21043840828597793,0.06666566936795942,0.15690438456238415,-0.10507991052939757,0,Chú ý
0.09210578573184008,0.14537794867567042,0.27665371836606567,0.4655407063043842,2,Buồn ngủ
0.26234462239167644,0.07039250362893892,0.756782422880853,0.588226484653575,1,Mất tập trung
0.26005902222322785,0.08260918093228208,-0.0087268915921429,-0.3966039947464376,1,Mất tập trung
0.2288336860079276,0.17368933085780866,0.13278234935828356,0.008795381799652436,0,Chú ý
0.23051597754957276,0.14892996468744854,0.09529465819509045,0.007441177656595913,0,Chú ý
0.06302461680337774,0.21382021507701873,-0.21559310087533992,0.307696532666744,2,Buồn ngủ
0.1420386076984935,0.1462022368798632,-0.03332571165307947,0.5975978150881589,2,Buồn ngủ
0.05836081834778889,0.16599474857010593,0.17892828981190584,0.578079021604013,2,Buồn ngủ
0.16827384922966598,0.0712749214429613,0.7749891228623301,-0.3140136014291216,1,Mất tập trung
0.18680910413285584,0.10605905944487994,0.01311901427052675,0.3322294936450216,1,Mất tập trung
0.13981520187029456,0.08328151883431215,-0.12137782118701829,-0.023208918451052597,0,Chú ý
0.05983962107456765,0.12832222027313106,-0.164508621731084,0.34887902763732226,2,Buồn ngủ
0.17530017992330008,0.12600619995796813,0.1524771224476935,0.12763728798638066,0,Chú ý
0.21204173614918523,0.1182921548093275,-0.7080424221397809,0.3946570391159544,1,Mất tập trung
0.15059060977009112,0.1379827307730046,-0.6016483419775102,-0.6723214919228053,1,Mất tập trung
0.1815343463386573,0.11001784445150734,-0.7394127388084448,-0.6421399636649643,1,Mất tập trung
0.23039734897558659,0.07261538670935602,0.18416942680840448,-0.012933011098659703,0,Chú ý
0.26929198878488037,0.16053283784367248,-0.2173695296046268,-0.29787011739953717,1,Mất tập trung
0.21566954083167367,0.08129360740881754,0.3992371458838854,0.21328222858144175,1,Mất tập trung
0.20348719055327574,0.08332008254300949,-0.2690510168329599,0.2802237901203534,1,Mất tập trung
0.19869065050158757,0.10628950933200773,0.2106235371592992,0.35286521816802047,1,Mất tập trung
0.15920750908056575,0.10011726088575865,0.5921482565707471,-0.3274125092695056,1,Mất tập trung
0.12602293886319327,0.1791319519951094,0.13365105351773016,0.44996368356317173,2,Buồn ngủ
0.15698310736610768,0.09207867039928969,-0.013356007552429477,0.4482055590610919,2,Buồn ngủ
0.20135245293652643,0.04801735153564295,0.48420852257953334,0.46086560478845573,1,Mất tập trung
0.2613888901658282,0.08009461276586372,0.04647719174600075,0.14855237956840406,0,Chú ý
0.12751650096648895,0.0929819747712074,0.2790545916101811,0.5196076483462004,2,Buồn ngủ
0.23944065367340356,0.044394387122263596,0.10823235774918162,0.029230325687199066,0,Chú ý
0.17524554729327974,0.17248269250545967,-0.10829619111034733,0.04359786461298604,0,Chú ý
0.07724048633945607,0.1830977266990683,0.3454819912512987,0.4222369913369649,2,Buồn ngủ
0.12428190828051255,0.1457625499969195,-0.3277823253170562,0.11441016532107152,1,Mất tập trung
0.12668008844056888,0.07921187731442646,-1.1765791199311315e-07,0.09249977115192637,0,Chú ý
0.18883729475511446,0.05950934622899123,0.07613629608856448,-0.3718254200023663,1,Mất tập trung
0.2033230110148216,0.06227037162126481,0.7879615781277896,-0.807128922431062,1,Mất tập trung
0.08087278480297072,0.1514140426818928,0.40128909799176526,0.3859537248031181,2,Buồn ngủ
0.23257913756668352,0.14510832359955747,-0.19648154032064763,-0.1292724503530086,0,Chú ý
0.22925280055697203,0.0826591180007519,0.0855029901897927,0.14383201436938992,0,Chú ý
0.24879717757671613,0.08976645384948741,0.12484296997070891,0.03095657744323247,0,Chú ý
0.16912148964770068,0.053822036903217955,0.12364141978604873,0.03776753232722201,1,Mất tập trung
0.22533190255451244,0.12039787024277887,0.005872460723185424,0.07389726037852772,0,Chú ý
0.15469498942396473,0.029612867693698072,0.11326263309910721,-0.057693390882736804,0,Chú ý
0.0517514559525891,0.16704758228380473,0.023147168723879282,0.4012995019055103,2,Buồn ngủ
0.22817529073109316,0.1051521440806825,0.0988248868221625,-0.16763920537959892,0,Chú ý
0.1631773608143105,0.16098360379500207,0.01361545931524663,0.14527222611732038,0,Chú ý
0.2759692527242553,0.11027782338951825,-0.038604202370649585,-0.7602704624024023,1,Mất tập trung
0.18399928121986228,0.12751614978666095,0.04578712263830789,0.13541811873992826,0,Chú ý
0.20825988253016223,0.09962800707461622,0.09226275765127163,0.19893586864461535,0,Chú ý
0.2171159847333766,0.11837677893524137,-0.35246282145247904,-0.3097144998353752,1,Mất tập trung
0.20127088746197153,0.09364969637588297,0.015793437051894364,0.6665738582996402,1,Mất tập trung
0.14509507839213284,0.1960171801274757,0.25917234787912224,0.46003567312096505,2,Buồn ngủ
0.07097127360516962,0.11426235471804107,0.23523680246381584,0.49451670306965806,2,Buồn ngủ
0.08801928381406594,0.1598746316579839,0.04716991449780196,0.46438798733442865,2,Buồn ngủ
0.2707508105386792,0.0927401625987695,-0.780955080287442,-0.7909071902901266,1,Mất tập trung
0.2331135221868508,0.11630451900969282,-0.17541201645499735,-0.16011999647786845,0,Chú ý
0.20629404876996904,0.0534385418873859,-0.7685951716607516,0.5213987924725868,1,Mất tập trung
0.17903447891518465,0.15241335727893868,-0.25574708482548797,0.5570915146367982,1,Mất tập trung
0.10916940090107498,0.19579967270093263,0.30593625067156915,0.40548884741198943,2,Buồn ngủ
0.24557364518623395,0.1124794111541543,-0.298515348588992,0.5711951073773607,1,Mất tập trung
0.2503170832368944,0.08589905552687907,0.1290860989208041,0.20777193882958822,0,Chú ý
0.12907332625090734,0.2020943441220283,0.045754755234065456,0.2821736412193991,2,Buồn ngủ
0.21997212460163748,0.04165338309094438,-0.04924978368492536,0.15726581870667658,0,Chú ý
0.15650599775062188,0.09310495344080119,0.7636785635061136,-0.26704584674611315,1,Mất tập trung
0.05209220584906282,0.13893483340488377,0.37005582533094483,0.20187488856149852,2,Buồn ngủ
0.24687053665607916,0.1355343008568194,-0.03471281113447226,-0.08165655431629565,0,Chú ý
0.1894324887467587,0.13049307550838596,-0.12007759925948072,0.06159366063334436,0,Chú ý
0.21193725737948568,0.17007138025636986,-0.2708725817165768,-0.494804387543882,1,Mất tập trung
0.16137938317450207,0.12510579851054465,0.4357878571524443,0.03910828897524299,1,Mất tập trung
0.10996462998382729,0.18734758600758927,0.18222007544207702,0.2878720661338578,2,Buồn ngủ
0.17972661417814956,0.14091908823639465,0.5880214640886995,0.15825194739348275,1,Mất tập trung
0.2621664176505798,0.0644731201128743,-0.18444707192688645,-0.022317322668455812,1,Mất tập trung
0.1973301228863398,0.06982159986254703,-0.7958748884237349,-0.40567713711651177,1,Mất tập trung
0.08920419586052529,0.11854981256746289,0.3179063156767904,0.5534541088978416,2,Buồn ngủ
0.12541159919757366,0.15603129020736187,-0.7947072918765768,0.6916086258645311,1,Mất tập trung
0.13453522131065282,0.1715399263332513,0.11771914544236921,0.30842243004090414,2,Buồn ngủ
0.21772360347875735,0.04579704296546222,-0.08674069237703662,-0.007617588667958015,1,Mất tập trung
0.18368120685713554,0.06442659681848387,0.7515677672326299,-0.7803313986686414,1,Mất tập trung
0.1732291770140374,0.041317815357713936,0.6316381012673228,-0.1583715903319404,1,Mất tập trung
0.21919765553479287,0.13502995227062695,0.18571809112712548,0.2293374667192687,1,Mất tập trung
0.23611020474740005,0.12744548277559423,-0.23049158296543995,-0.07836534035157308,1,Mất tập trung
0.038644288905588436,0.13702835290510668,0.15322147674639078,0.31191908214353886,2,Buồn ngủ
0.17717532472472106,0.09939508071489889,-0.1650406539284271,0.18356337084165028,0,Chú ý
0.2559169507460285,0.06010020537900734,-0.017128164996642506,-0.06278103303013603,0,Chú ý
0.24594918636780091,0.1279822238455143,-0.15287882240687836,0.11659078800547815,0,Chú ý
0.09042136486539365,0.15791451678419272,0.15573885630250925,0.3400517610869634,2,Buồn ngủ
0.20970216211279996,0.1623457391667774,0.4749401859898742,-0.0441476183921098,1,Mất tập trung
0.21116901059081333,0.04788592287982171,0.3036320144455563,-0.3197812483592278,1,Mất tập trung
0.05600833614281264,0.11664453951352018,-0.05616299364790506,0.332249505111813,2,Buồn ngủ
0.250131980889343,0.10848570308347197,-0.11810482128525754,0.2392702704635566,1,Mất tập trung
0.2068830878844162,0.10262526746462589,0.1371564624400354,0.7104437783337016,1,Mất tập trung
0.04035803811881643,0.10916857941741241,0.1247357672956282,0.5593543587549508,2,Buồn ngủ
0.22903302391838457,0.12867422892444141,-0.7812412516534399,0.33120079071077435,1,Mất tập trung
0.2243969762605682,0.10536886260565234,0.11385609616659557,0.03908011328925687,0,Chú ý
0.1499605085145416,0.09337893642020173,-0.17981999791570985,-0.5211800288587523,1,Mất tập trung
0.1352227245881454,0.16489107727055757,0.09179041924751595,0.5019087686584913,2,Buồn ngủ
0.19748094889305162,0.10487612253379794,0.09110566436297987,-0.6591908887755944,1,Mất tập trung
0.1003692105256058,0.15790675126631243,0.2873717807206716,0.5396878374139501,2,Buồn ngủ
0.20015866575007,0.13505801259608086,0.11186834477552855,-0.207319763644508,0,Chú ý
0.14025597084794655,0.184107811438776,0.2690422201416627,0.2775563565084529,2,Buồn ngủ
0.1875099775966751,0.11478735962644429,-0.19203555233107122,-0.11783727730094838,0,Chú ý
0.13378150234637493,0.16762346002914122,-0.1486966357246084,0.36690149426109575,2,Buồn ngủ
0.15509533774765505,0.08200247091741802,0.09985662433507833,-0.13328422667488843,0,Chú ý
0.1902133447192046,0.10353008174305059,-0.10877273101505303,-0.09128756207956859,1,Mất tập trung
0.25713206929152727,0.04917803606128389,0.3882098540717783,-0.3325647664273873,1,Mất tập trung
0.1945098923114073,0.11666178318125536,-0.42167221932446664,-0.3055281739238857,1,Mất tập trung
0.18311010964902424,0.09281435413957996,-0.1255118785783948,-0.023467780964667014,0,Chú ý
0.17233360650427698,0.08120169597927263,0.032717867387970126,0.04196723278314235,0,Chú ý
0.23105779454953587,0.05905071235114504,-0.3913630968643726,0.43385855636526166,1,Mất tập trung
0.2683835338126378,0.05189779988908059,0.6422441810021426,-0.5800167983433556,1,Mất tập trung
0.10824100761007122,0.14216022778901477,0.01804490863530855,0.20062990247073392,2,Buồn ngủ
0.23180981359031594,0.06874434951884392,-0.1395201417699336,-0.02384452875908896,0,Chú ý
0.08735394886134862,0.07867838597737573,-0.31843878864419817,0.20725665118013464,2,Buồn ngủ
0.03692455189365835,0.09266323680835267,-0.14643243619315371,0.28778092768937663,2,Buồn ngủ
0.17488141177419983,0.06330061820471808,-0.17873795112181495,-0.06623006906865674,0,Chú ý
0.09739680435908313,0.10579315786703035,0.3487868787218271,0.36151085630248153,2,Buồn ngủ
0.16102343777765,0.20856664177264797,0.11358995840361095,0.3407839333986395,2,Buồn ngủ
0.2324033200718733,0.1343946996318043,0.38492617598775647,0.6986810699830924,1,Mất tập trung
0.2041218678836058,0.06664966727390706,0.07613678226109644,-0.07513649330140196,0,Chú ý
0.18445477696539142,0.12444450118739281,0.793657333550424,0.009158416595742513,1,Mất tập trung
0.11659007699062207,0.19838072827226283,0.3545339988419656,0.31133232119452814,2,Buồn ngủ
0.24028521275391151,0.11491579337739544,0.14463221617901414,-0.16195417975758916,0,Chú ý
0.25837156943228307,0.14576792961006058,-0.6934293538973612,-0.17289256359516036,1,Mất tập trung
0.2596206219437853,0.07480327436409576,-0.2558012571111495,0.6979526989824506,1,Mất tập trung
0.21158277835723754,0.058104227530492,0.3608227029858823,0.25954374367080857,1,Mất tập trung
0.22733906653817035,0.11210749648778898,0.5800816469523276,-0.533361308722941,1,Mất tập trung
0.10144423268433442,0.12433896632259048,-0.3539517714501177,0.571654770948066,2,Buồn ngủ
0.15698570754420302,0.12120562816043387,-0.01872834026164448,0.060045296741516305,1,Mất tập trung
0.23210361769018703,0.09590407883422615,-0.7828712634327891,0.607694135613268,1,Mất tập trung
0.16292963136799551,0.14073151565320247,-0.10105792950934844,0.1373459170980725,0,Chú ý
0.1615474753008822,0.08033280568397075,-0.6509954859289823,-0.7513291856849541,1,Mất tập trung
0.18410943347887565,0.16391634606999722,0.08419298191847907,0.14014843158078163,0,Chú ý
0.22272601314663942,0.11048020217373289,0.37583030280980884,0.643774011686836,1,Mất tập trung
0.10834369614418003,0.18857349639297494,0.12388453350904532,-0.12977522488255613,0,Chú ý
0.25465181300683715,0.04152253357550419,-0.1734634333988699,-0.000947273443971353,0,Chú ý
0.14687357582568977,0.1224726603961419,0.7166432128051569,0.07155318939851962,1,Mất tập trung
0.1545277859038041,0.08595216858093811,-0.35152031833212766,0.6169106400083053,1,Mất tập trung
0.22931807966459333,0.132521555060489,-0.14448336556247843,-0.3769706612876767,1,Mất tập trung
0.21996342822973458,0.16363849159613067,-0.18854498800833233,-0.006927479313818836,0,Chú ý
0.23213893723133128,0.04726563762258671,-0.3567649576740879,0.37448076794451507,1,Mất tập trung
0.23184984120007637,0.12294800672619745,0.6790032236489882,-0.2768938110729576,1,Mất tập trung
0.22484642496495147,0.12219253248382159,0.016872606754221364,0.01638587463167559,0,Chú ý
0.2163261458123644,0.062103762956648226,0.149181436333348,-0.013533402196382095,0,Chú ý
0.2280349232428968,0.049426496899107955,-0.3843509210134518,-0.74638536749103,1,Mất tập trung
0.15800685169846368,0.06067500892774434,0.5937517090220545,-0.16036112307836525,1,Mất tập trung
0.18375688126012907,0.10681010224062873,-0.33135308560085147,0.23409180116209585,1,Mất tập trung
0.2141836431074388,0.08840568020114238,-0.05139027361105637,-0.1474518593141741,0,Chú ý
0.14044666115464488,0.09183137368339273,-0.23154966720753542,0.2072285848057689,2,Buồn ngủ
0.22046457285205578,0.06200745323476268,-0.7196510413256391,-0.21540023828880278,1,Mất tập trung
0.1544229933329512,0.047227387203023954,-0.4400782099203235,-0.3348477850832004,1,Mất tập trung
0.1279471749227389,0.09082134451062379,-0.1986165981019799,0.3389914547662153,2,Buồn ngủ
0.2123400724166817,0.12821699891959654,0.08853575818903635,0.7449723517851744,1,Mất tập trung
0.22267736340671812,0.18704828214152341,-0.29375342100501256,-0.05026594207886631,1,Mất tập trung
0.12515194481004163,0.10864615502937863,-0.18141729257273828,-0.14738905896622134,1,Mất tập trung
0.19292110667628412,0.10392628198520262,0.6865012036156253,0.48631205066088296,1,Mất tập trung
0.16044787722612486,0.1584345482807776,-0.5935207847049792,-0.7640305775075705,1,Mất tập trung
0.09656885939789256,0.14114908836736983,0.32482064162607044,0.39810524297771144,2,Buồn ngủ
0.15574242365945637,0.13741184950080015,0.11615909422244614,0.21234406796140223,0,Chú ý
0.2501664474101148,0.08888565741207412,0.13728424688155355,-0.00272380544312284,0,Chú ý
0.11901337611974198,0.07371648813535975,0.2945902304413385,0.5835232544740194,2,Buồn ngủ
0.14445472511872995,0.15921213354417305,0.1681565932722078,0.12717734459159688,0,Chú ý
0.22596908107507976,0.13211215463360035,0.12727831756547492,0.08599736793260729,0,Chú ý
0.17940556887035447,0.054554458540437153,-0.0689304762531874,-0.15331387351334777,0,Chú ý
0.13746315803997808,0.1644067457440995,0.2901853011000528,0.5919309195060595,2,Buồn ngủ
0.20074227826172547,0.11923758414035915,0.2587319642662891,0.3134629088514868,1,Mất tập trung
0.18968101646839122,0.1275442967467484,-0.045270429306280516,0.05116023510621588,0,Chú ý
0.18657208843216588,0.11673965399342356,-0.16422588888477063,0.029530624411558133,0,Chú ý
0.21661539335965402,0.0720787623413245,-0.12910728271327193,0.12782671542541552,0,Chú ý
0.18584999748142525,0.056049041347024306,0.13558601727295289,0.15637565966323624,0,Chú ý
0.2326001180239313,0.11395725575958043,0.08258815475666294,-0.02389402642633301,0,Chú ý
0.22406730557171495,0.052324623549364686,0.42443167480287636,-0.20035742502785578,1,Mất tập trung
0.13157457145748824,0.16749803918422218,-0.01609353699075554,0.5865464262349928,2,Buồn ngủ
0.0688573214870976,0.1375921359402379,-0.10444194664908266,0.5455432402185239,2,Buồn ngủ
0.2416278408162464,0.03846900166836951,0.14377939054423935,-0.08111209967310784,0,Chú ý
0.1849921361144571,0.19274880918777795,-0.15285954706895902,-0.026684937751844336,0,Chú ý
0.21084051142477697,0.09035698442764979,-0.13387829508412755,0.17770529430502646,0,Chú ý
0.1848817484998934,0.08927675203106818,-0.45597291435822257,-0.3101193404174215,1,Mất tập trung
0.2464368160264421,0.08979801534982206,0.005763732964966718,-0.05963115780666686,0,Chú ý
0.22798965414279806,0.0669331254777956,-0.15562182479729064,-0.08461620566131267,0,Chú ý
0.1973003571616954,0.10545415215534552,-0.19529244241015647,-0.1896373278750159,0,Chú ý
0.16450323175771384,0.029655046871746724,-0.12356559315934501,0.09166658083136195,0,Chú ý
0.1833445789718849,0.006012644128507334,0.4602061477676817,-0.5637426265310819,1,Mất tập trung
0.2506206800946677,0.12066144379734846,0.6992748196367494,0.08884591760639364,1,Mất tập trung
0.2416271640794916,0.1449375388857605,-0.709573430657568,0.6160823977435781,1,Mất tập trung
0.26718968691529993,0.07321172348259028,-0.16664943981178496,0.08821072039357426,0,Chú ý
0.22038460678081287,0.047736316170010534,-0.6049097097691596,0.5410650349737898,1,Mất tập trung
0.22544154575552605,0.04933224665888856,-0.17618550716269807,0.13924209899611215,0,Chú ý
0.04900434890763707,0.1346023530085767,-0.04334803476690051,0.3119352660300234,2,Buồn ngủ
0.09052583969681866,0.14672804036956083,0.3145373614321048,0.3863270944303295,2,Buồn ngủ
0.2057299590260847,0.04532832758685246,-0.13861570372290455,0.13435157449718388,0,Chú ý
0.1476473516314301,0.12575484226575906,0.09836552972060122,0.06022982128434887,0,Chú ý
0.17620506757938514,0.15392818948801557,-0.02792011338589884,0.42451629432997706,1,Mất tập trung
0.06920679330042935,0.12529780921705067,-0.3278786653273436,0.26881725518349797,2,Buồn ngủ
0.032438146840852444,0.15590803132055064,-0.02413336763273181,0.3073269211303153,2,Buồn ngủ
0.038506407513350924,0.17795347494610006,0.09758245610099966,0.2613787947538144,2,Buồn ngủ
0.18150855553620954,0.04000730148620196,-0.14829568332851722,0.1904336471344772,0,Chú ý
0.20849754149739047,0.09659843423860423,-0.09221625315333634,-0.020887196528027084,0,Chú ý
0.20795861035068236,0.05439771182221043,0.05561690950481543,-0.4041089380596189,1,Mất tập trung
0.23724948535364865,0.08765248600821506,0.06032235624441726,0.05811847158671364,0,Chú ý
0.20858660246952662,0.1271120925419845,-0.11949878336801743,-0.09894500450488425,0,Chú ý
0.1929417248322399,0.07348656410242242,0.18442398164650295,-0.16492301517061017,0,Chú ý
0.20514519212531374,0.15331697678793818,0.015864795829424162,0.6983300348701856,1,Mất tập trung
0.22870503910614967,0.13311777709899963,-0.1648681466173959,0.11895054684830415,0,Chú ý
0.08892311756284449,0.14605132613015923,-0.23914873856997587,0.2594161592713281,2,Buồn ngủ
0.20274954615569357,0.1222366478485105,0.3915989510638174,0.7912641202360322,1,Mất tập trung
0.20522286902771852,0.1583904737529572,0.14103550747610843,-0.06286082730833635,0,Chú ý
0.24060050155612064,0.09319791416440251,-0.630954310270535,0.7049378809529482,1,Mất tập trung
0.20899507345545412,0.14435609993847776,0.16069601917202053,0.09766318998252223,0,Chú ý
0.16026507099752935,0.07397284021911354,0.03970116001296092,-0.0674595706618571,1,Mất tập trung
0.27644654446896433,0.12103117884468562,-0.12236059703993599,-0.012444516292452195,0,Chú ý
0.16826910895421204,0.08984722084896496,-0.16505371591659704,-0.193650846069419,1,Mất tập trung
0.24869773780133167,0.08619603297714765,0.573657321539227,0.04773032571585225,1,Mất tập trung
0.14609875303404501,0.20594218004570053,-0.17381660773795007,0.2716556110680366,2,Buồn ngủ
0.07707787050131515,0.1491378546360708,0.10532293239776208,0.5884447294607479,2,Buồn ngủ
0.1672557801227592,0.11511893035805652,-0.19355859944821416,-0.6551984056577645,1,Mất tập trung
0.029876726725011876,0.17669531444408007,0.058754832500800186,0.2738127273449123,2,Buồn ngủ
0.10097626060794498,0.18933747260885925,-0.2513915464208291,0.4424807719135004,2,Buồn ngủ
0.16860732889911342,0.07561965564595242,-0.13727373233809306,-0.20558218393103608,0,Chú ý
0.1797558673551216,0.07719234712516315,-0.613027005369992,-0.6233412805010687,1,Mất tập trung
0.21993329552380547,0.1199717260162996,0.07450968510436844,0.06477417351718982,0,Chú ý
0.20165314758287023,0.0863275147921755,-0.0061481489037411045,-0.05645146429379698,0,Chú ý
0.1995253452110309,0.12185535953507261,0.12614392581852144,-0.06885916789256262,0,Chú ý
0.15796913778406976,0.020596462096784472,0.6377620468164226,0.7768779694437113,1,Mất tập trung
0.16921548789703977,0.1308623379962484,-0.186514299642471,-0.20661562005890036,0,Chú ý
0.05423704528630805,0.1135314315191661,-0.3146821213423878,0.21846257774679234,2,Buồn ngủ
0.24923305689190162,0.060198582521563196,-0.417065186892303,-0.6780316681518862,1,Mất tập trung
0.18040866788420057,0.09965703177940773,-0.5681724677474258,0.12395381744168678,1,Mất tập trung
0.21073973738905835,0.06413998810951543,0.06016792539758503,0.047185866393911806,0,Chú ý
0.1487593364600976,0.17865105319268285,0.2634474223100788,0.4494249634750273,2,Buồn ngủ
0.1185699965242046,0.08892196250624712,0.057331930607709705,0.4166871307911075,2,Buồn ngủ
0.221947722299795,0.09991323005617006,0.7326693206253733,0.20944146273762443,1,Mất tập trung
0.1918928643395019,0.11440861427931755,0.7377483328379745,-0.6235277670151217,1,Mất tập trung
0.13933174689842331,0.09126433507071911,0.05253057350405095,0.007944706119245562,0,Chú ý
0.1232263695991108,0.1257159773137377,0.1278837810451093,0.2351490886085511,2,Buồn ngủ
0.08865297614320464,0.10250855817568373,0.3458922624910137,0.5261782082480702,2,Buồn ngủ
0.19592518654879557,0.16238041651825513,0.7961423868985349,-0.44496561660101563,1,Mất tập trung
0.2157437719692835,0.09600036947770578,-0.07945662180493254,0.1980412209921382,0,Chú ý
0.285080561565772,0.09166546834538433,-0.12276745999104627,0.1462717694654211,0,Chú ý
0.1484576610088801,0.06908066304072756,-0.1372063902709957,-0.13742853231299285,0,Chú ý
0.09417157332899805,0.1483952814662068,0.3023094705513206,0.2146513535972938,2,Buồn ngủ
0.20931744178568298,0.1308625578145837,-0.5070158267528136,0.5612850773238067,1,Mất tập trung
0.1919123134399083,0.09948136648006173,0.07958777734904281,-0.059508265355821696,0,Chú ý
0.13111558874816875,0.13366031046888455,0.09475580160844785,0.20672344335148174,2,Buồn ngủ
0.19451673097029007,0.13977421361528877,-0.168207193829161,0.1620139832879302,0,Chú ý
0.2554626241232507,0.08065268406015969,0.05247476548748177,0.03644437416783314,0,Chú ý
0.18283335373900617,0.0592157109852618,0.3336311953731431,0.7338731926769214,1,Mất tập trung
0.10648183134914355,0.23807854895442937,0.37422515772976817,0.31727404200944875,2,Buồn ngủ
0.12697309482358488,0.04998035576300766,0.11255196639219894,0.00820196512215195,0,Chú ý
0.13459607263898232,0.04503826439645871,-0.3819434296664192,0.5829285128289728,1,Mất tập trung
0.22286641107550303,0.09783905108096405,-0.13307143882519157,0.010093915399736385,0,Chú ý
0.2087254879669785,0.030840843542617225,-0.22845149622033709,0.567247889531322,1,Mất tập trung
0.1595943254592782,0.08722233944220488,0.5675769171458445,-0.691811218401991,1,Mất tập trung
0.1861157096780234,0.06788627317239442,0.04042529361726437,0.12424584642539513,0,Chú ý
0.17218726936599676,0.1136610350820492,-0.24536931771392467,-0.0521829357832289,0,Chú ý
0.23535163384810212,0.08208561041211684,-0.028707550769425823,0.19784722939230134,0,Chú ý
0.13705248567170772,0.19570565004639986,0.3651850614009677,0.4379300568233891,2,Buồn ngủ
0.15913608287649594,0.18853148654360563,-0.23648608649626138,0.3823082078405577,2,Buồn ngủ
0.14807325483078,0.05840180324104316,0.15750183098413775,-0.04567574230310765,0,Chú ý
0.23632774812112553,0.15068607478794332,-0.16634622632453816,0.0995219696097545,0,Chú ý
0.05729502076268337,0.12090124143457778,-0.07055149043769673,0.4614090638863347,2,Buồn ngủ
0.18927404141612708,0.07067470694084227,-0.0526542693150175,-0.1354620427556527,0,Chú ý
0.06322695058003915,0.09690769510803733,0.11119324605014318,0.5585107199650562,2,Buồn ngủ
0.17093603656884127,0.08944274564142549,-0.1624679857510005,0.27528656039144284,1,Mất tập trung
0.13881972630113618,0.11777277708780653,-0.24280291091486797,0.3216796300591403,2,Buồn ngủ
0.19516498775856297,0.1259906839682774,0.053632869782137535,0.15635167698052063,0,Chú ý
0.20075019045029033,0.09929995225337099,-0.07129825461810689,-0.5776737384208186,1,Mất tập trung
0.10435184611786076,0.14188990109213132,0.027948050352835027,0.5847518445294527,2,Buồn ngủ
0.23881880889015716,0.09825497237134187,0.08174445863528758,0.17238083951692157,0,Chú ý
0.15897874886159744,0.09616606989802612,-0.20502337700809703,-0.3503540622798914,1,Mất tập trung
0.05942013751127315,0.08332189560767321,0.2614675129111158,0.512450926848894,2,Buồn ngủ
0.12202991570138232,0.12849646354180405,-0.3522219793392674,-0.3076625811791415,1,Mất tập trung
0.17586036842331312,0.119025075574301,-0.41943397752116895,0.6742093162281231,1,Mất tập trung
0.11307819299593799,0.16345174562041878,-0.3382530283370867,0.2873972702557485,2,Buồn ngủ
0.2541090912612885,0.0454474810486641,-0.4664193060559405,0.799505372535978,1,Mất tập trung
0.17629171857730425,0.09982604928704165,0.05830691460144959,0.04457325572678628,0,Chú ý
0.16932477940192994,0.15583191598296822,-0.4581710296201786,0.13418330875319828,1,Mất tập trung
0.16718711402566433,0.0565840178525069,0.09617597996686418,0.01761219405341334,0,Chú ý
0.20945969448878762,0.09152014714255723,0.27767046705418996,-0.06721503545054014,1,Mất tập trung
0.22791079210793738,0.05855009579756798,0.09203507211410661,-0.1531826335561326,0,Chú ý
0.17080530299547309,0.08683481407113304,0.40083995465220973,0.18309037347354898,1,Mất tập trung
0.17778388116302013,0.16352218512061428,0.7701277160009246,-0.1329698645207629,1,Mất tập trung
0.24726733114115945,0.03510720897008923,0.15190555721341942,0.16113080597254148,0,Chú ý
0.21765889855184403,0.12711653021541544,0.1777544525781566,-0.09929477033397417,0,Chú ý
0.045857727178004126,0.1419891865967091,-0.2918374510168351,0.5356445265874568,2,Buồn ngủ
0.1908123895682809,0.04492119730240004,-0.3115880797347278,-0.44636099803032464,1,Mất tập trung
0.16260451276342244,0.0945271269577107,-0.05046613150647047,0.028204795110632678,0,Chú ý
0.134708018015982,0.08499909835566939,0.12449468667770593,0.012895522449939783,0,Chú ý
0.04029040254152975,0.13075775822447522,0.25865064131817256,0.2292384994726263,2,Buồn ngủ
0.17612434228171409,0.0956166804883292,-0.5303001094630871,0.2842486476413686,1,Mất tập trung
0.204199623076267,0.15432770902838838,0.06939190570999813,0.1924307902788281,0,Chú ý
0.15572421979239856,0.1499820267465032,-0.34823304546913364,0.28973132412799174,1,Mất tập trung
0.2114112536602847,0.1344541847795376,-0.5834371117245781,0.7419629755217201,1,Mất tập trung
0.1885517134374635,0.08648684898940859,-0.02206986822324846,0.29852941520966714,1,Mất tập trung
0.21104932850517233,0.13365537895388857,-0.0636679944133238,-0.15551557965512372,0,Chú ý
0.17042191055903877,0.11393379134535134,-0.1297686743016677,-0.0986592712296736,0,Chú ý
0.2029714643488506,0.14765411748501217,0.2116921157633747,-0.01850287846054746,0,Chú ý
0.18277094439026953,0.14038869150200797,0.12438183303470984,0.0548120882618728,0,Chú ý
0.15688777538786433,0.07134261132397077,-0.15561396689951262,0.056169692362789195,0,Chú ý
0.10898343343139236,0.13224198666413406,0.2278719090946909,0.5188416152242347,2,Buồn ngủ
0.19315430908221787,0.09953765937270638,0.14012311157030882,0.1477312131226991,0,Chú ý
0.18936925965232562,0.050614151505273194,-0.081749044486267,0.18880871557603224,0,Chú ý
0.11165787563880002,0.1477665794198394,0.1714148398384182,0.1953305975026139,0,Chú ý
0.1851158335877382,0.12917754030170608,0.18476973411024633,0.02675859306122294,0,Chú ý
0.20194228871657416,0.058293611492923836,-0.04541800288885908,-0.17207986665675504,0,Chú ý
0.22163073624757504,0.0324314245587627,-0.0067614251735124906,-0.05388510144234537,0,Chú ý
0.17224546754322528,0.08299029090851738,-0.016522963810258647,-0.09573201526647342,0,Chú ý
0.18328741243928326,0.1351407582354856,0.18637107589030494,-0.12246522944578098,0,Chú ý
0.13400809820718818,0.10289611777536932,0.3040052739278238,0.2351901826651458,2,Buồn ngủ
0.1961527518596461,0.1268758903524401,-0.6549153575236387,-0.49558236557548024,1,Mất tập trung
0.10425628339299556,0.15230339532711498,-0.23187315425349755,0.24012359138610648,2,Buồn ngủ
0.07367381561629353,0.10630114094766732,-0.2851468964557517,0.2536193910187465,2,Buồn ngủ
0.14201792947477382,0.11731157771093398,0.11497965422599497,0.1146142835489831,0,Chú ý
0.05406139950403879,0.15317741278984914,-0.24537673659593945,0.24987530424336782,2,Buồn ngủ
0.21102236182571432,0.0742759927754785,-0.04297019071096202,-0.020259154623113597,0,Chú ý
0.18330713986170072,0.10514893311018088,0.40016257121153015,0.33314896842694,1,Mất tập trung
0.2285980333608685,0.16119911379279675,0.7642635166307667,0.6188953668964258,1,Mất tập trung
0.18247054915290806,0.07926125189113892,-0.011714426306731387,0.17375279178638642,0,Chú ý
0.16908593277372633,0.1003142441768805,-0.019485275026118753,-0.020432570126295277,0,Chú ý
0.21004156992640827,0.0919016544355921,-0.027754073256259303,-0.0077672223434503695,0,Chú ý
0.20851877621518136,0.12820593768443056,-0.11242777855260339,0.13600959025982665,0,Chú ý
0.2545642100851216,0.06930876560211784,-0.12594804811045815,0.16809980469271862,0,Chú ý
0.14631712116300297,0.10714017007156869,0.1791984774816312,-0.05940451147634242,1,Mất tập trung
0.24284070151914405,0.03450242322848228,0.4391825084093829,0.06330716050074692,1,Mất tập trung
0.12153949013737024,0.09606239576848769,-0.14773142912172393,0.577028029874151,2,Buồn ngủ
0.1771539662715845,0.1499658023958226,0.003231076618058097,0.507441681987967,2,Buồn ngủ
0.14500811272124373,0.07974913670428102,0.5582185010192429,0.3410997482260273,1,Mất tập trung
0.16200389122802772,0.1347745135258034,-0.4195648572769119,0.36905767827021485,1,Mất tập trung
0.1944544860325594,0.09769917355333824,0.11568556627557863,-0.010302512106042012,0,Chú ý
0.22263062840169462,0.07360319844191274,0.12376925121251411,0.1709292832181758,0,Chú ý
0.19376213460473096,0.08952610784447894,-0.15404355819448973,0.07021620355429758,0,Chú ý
0.08838884607050106,0.19943086200343496,0.3074808912348105,0.5776273892435734,2,Buồn ngủ
0.09004504713772611,0.11776845098264993,-0.31640306617940694,0.2816216071040926,2,Buồn ngủ
0.2111676300294113,0.1142515348272325,0.5723014720616312,-0.09714122447677362,1,Mất tập trung
0.16670336415001943,0.1277617067790277,-0.11653794793407246,-0.16601809549425534,0,Chú ý
0.1941525340614776,0.14781602415009212,0.06410940596755357,0.17148509469091516,0,Chú ý
0.16946594688361188,0.13728718576309826,0.4469896219530803,0.3798287607382914,1,Mất tập trung
0.2099804189405356,0.10025637835557441,-0.16225711156773656,0.018923557690853673,0,Chú ý
0.1931124706408894,0.14800847925766175,0.14030390243455432,0.08676664567228363,0,Chú ý
0.21167826959892266,0.09744520577935172,0.7129524517082314,0.03455269536472337,1,Mất tập trung
0.006495342564047421,0.1061005473803085,-0.3402379354806855,0.48216443551370625,2,Buồn ngủ
0.21933167240152865,0.17400160116631297,0.09247253050056017,-0.020238984559942694,0,Chú ý
0.14591511151145242,0.11848066731235052,-0.1129330997353802,0.33519726852250414,2,Buồn ngủ
0.24150327345505535,0.12785205990235085,-0.03144669219029798,-0.002361247932894774,0,Chú ý
0.2464496958259121,0.11759938272660694,0.7316555730958941,-0.3524326871861886,1,Mất tập trung
0.22860910907143112,0.07059228693346362,0.1827900548977702,0.13735339179350478,0,Chú ý
0.17746905390642176,0.13450145426686294,-0.08278756069670298,-0.18609155899572893,0,Chú ý
0.21174372887017362,0.16131730787037368,-0.0631490139878234,-0.12058943550824563,0,Chú ý
0.11180109502882063,0.14613105012524819,-0.311496992802213,0.4363962935022352,2,Buồn ngủ
0.11273883466480585,0.1786251768590955,-0.0091495815091415,0.541293250152009,2,Buồn ngủ
0.1744386827833778,0.10101704040416633,-0.0898746280649993,-0.028142044420727402,0,Chú ý
0.18806840008284842,0.0606679721438404,-0.25549336956459895,0.7380840331928574,1,Mất tập trung
0.1476217759747595,0.12790307589859834,0.21757477030766179,0.5056665576890904,2,Buồn ngủ
0.14336484726990323,0.15939675123023572,0.10818659359758304,-0.21746365490128522,1,Mất tập trung
0.1777177709737893,0.10043309566974441,0.6721126064325416,-0.19012543827138859,1,Mất tập trung
0.16096700701751046,0.14237907291035737,0.6575190295376688,-0.5012557913601969,1,Mất tập trung
0.08403518320334698,0.15570745500786867,-0.04389319110332736,0.5505598554552524,2,Buồn ngủ
0.19788753117701494,0.07365204916810908,0.6838143730126739,-0.39212362578463816,1,Mất tập trung
0.11229990766053492,0.1420797968927578,-0.3530302340813854,0.20870002041451852,2,Buồn ngủ
0.09083378758152613,0.10612511986640775,-0.07189678057108101,0.5449166508682194,2,Buồn ngủ
0.03828012766823426,0.17529422471013775,-0.10509986876233061,0.5251788080279074,2,Buồn ngủ
0.20430748529864673,0.12949754478164147,-0.28371850552162264,-0.043117651892978316,1,Mất tập trung
0.18794613197562315,0.13152618620342732,-0.09505758430478813,0.5734178572793489,1,Mất tập trung
0.19833295552589672,0.08081314129680035,0.32817853989028994,-0.4005201470742563,1,Mất tập trung
0.15702875319330897,0.07259255271126469,-0.058639349338452294,0.150097975747208,0,Chú ý
0.20652786967253597,0.08922166922230138,0.04200497280875441,0.04701066356882212,0,Chú ý
0.1986940551565699,0.1836212709702928,-0.21640248924903882,0.36817815719479874,2,Buồn ngủ
0.24950622167547223,0.08813769564340117,-0.1012160987161588,0.19330277335753768,0,Chú ý
0.22963601313808543,0.056030612805212,-0.0882237608243896,-0.0022251618070086104,0,Chú ý
0.09718876908010238,0.15127402417396885,0.38603846239257045,0.20014578373236866,2,Buồn ngủ
0.26719077095452626,0.02619915205384642,0.6489202812224251,-0.048452715251533496,1,Mất tập trung
0.1446515647468837,0.10068214167038958,0.1030870921205247,0.05213273530536004,0,Chú ý
0.17107916936057047,0.12413543706805868,0.5183930010299739,-0.5295513564350721,1,Mất tập trung
0.13988673357310677,0.08084040430288339,0.04369260382224559,0.47520358058275236,2,Buồn ngủ
0.21018391983365373,0.10532036097711799,0.08910700174228041,0.09126935261308786,0,Chú ý
0.19338195059977836,0.10203884344547867,-0.1691478763968775,0.09350936325602988,0,Chú ý
0.20608943562921225,0.07929561682729269,0.04596660945382752,0.08103286032548226,0,Chú ý
0.1944593336080307,0.07839933805636756,-0.09338508498774085,0.14964090344734682,0,Chú ý
0.20834689477893786,0.12853849215841573,0.012541672922560095,-0.1490106384130327,0,Chú ý
0.17083664837934442,0.022578839561424296,0.6648531254713778,-0.5506284755840786,1,Mất tập trung
0.23024203760569384,0.08215676523659456,0.12740616230040544,0.09670942482384545,0,Chú ý
0.20336633430135223,0.0716550512367298,0.5994510488876591,0.4200731317117584,1,Mất tập trung
0.14019616291827117,0.0940603240355862,-0.0787865890983895,-0.02615330529947795,0,Chú ý
0.2398511442003014,0.08289862300004812,-0.11043531215024996,-0.1757776418860303,0,Chú ý
0.088139098884769,0.11591607200302427,-0.10505222927952038,0.48529837952087573,2,Buồn ngủ
0.15348337384248903,0.07442608827034958,0.049190945297619346,-0.0782796953679766,0,Chú ý
0.17551334510187452,0.07280373475808578,-0.06442901809904165,0.1377808155898558,0,Chú ý
0.15932998728237488,0.12992566595120233,-0.2954915475092161,-0.5584896690170778,1,Mất tập trung
0.14927251853900952,0.12723772340134656,-0.22174026487510962,-0.05509017118478684,0,Chú ý
0.11300282511011406,0.12332472588090254,0.02842430766771197,0.4209768549553803,2,Buồn ngủ
0.18490595006216992,0.09397046567997029,0.5225682497826941,0.20021475118435217,1,Mất tập trung
0.09269350842946918,0.15738208571137222,-0.04252270251114956,0.23844229207905915,2,Buồn ngủ
0.198742466054572,0.12486434801864948,0.03315663410095745,0.16608149944409273,0,Chú ý
0.08630059363476815,0.14142159333423765,0.13000519217814,0.22369522104620299,2,Buồn ngủ
0.16310488931926795,0.1044526161272668,0.07145279810686252,-0.36591649653977293,1,Mất tập trung
0.19434969659919213,0.09651314356586277,0.0753178403926976,0.20804490333755074,0,Chú ý
0.17562093274816168,0.0696866410434974,-0.11551322287970649,-0.15408507911612898,0,Chú ý
0.23498213402359913,0.10941726014468688,-0.31759094899745943,0.7431904773268265,1,Mất tập trung
0.205914039411554,0.029519726735773626,-0.15765302026019867,0.04828347596771311,0,Chú ý
0.18515663758254913,0.08609274489558964,0.30666685123033854,0.3150315161606255,1,Mất tập trung
0.08036232083545819,0.14660499430283316,-0.3302468317753588,0.2859796436367632,2,Buồn ngủ
0.16558015360399067,0.1195971958177837,-0.037996505155796674,-0.12287455115644193,1,Mất tập trung
0.13966877715283277,0.10262081277244628,-0.009256885907375242,-0.10696789206564104,0,Chú ý
0.19208544912139405,0.10692290521527334,-0.37110048744565527,0.6032497644616739,1,Mất tập trung
0.18874159363313753,0.048772589886376255,-0.6701381782573891,-0.7758420287443765,1,Mất tập trung
0.0869427472954662,0.139019881798617,0.2997063516608292,0.2419676241702978,2,Buồn ngủ
0.09741000478312273,0.13644530256731746,0.2606967603506613,0.3665830441848896,2,Buồn ngủ
0.2058794297336329,0.12334790629790561,-0.28595555896960717,-0.7355961194284254,1,Mất tập trung
0.23445524995673572,0.09096402942990234,0.1996380778923481,-0.194646685347574,0,Chú ý
0.1858921419931687,0.0955411654979511,0.31918045275766177,-0.19068898162317913,1,Mất tập trung
0.13450483123202267,0.1530922166485495,-0.08881463372165095,-0.03785899409010697,0,Chú ý
0.1531404138010952,0.11792692917188366,0.1976777773833745,-0.009291382631226315,0,Chú ý
0.050965108526516874,0.1259649310972252,-0.10179196330732171,0.27658681904538124,2,Buồn ngủ
0.15073390822476548,0.09945277755163538,-0.595872940530656,0.4930970266832609,1,Mất tập trung
0.2189868523443947,0.041676274288447446,-0.39445555185815595,-0.49036375803885807,1,Mất tập trung
0.05998514836597808,0.14471251203441415,0.2151081876313063,0.2821905650803654,2,Buồn ngủ
0.06707647338716574,0.1318272752332666,0.07050173654510146,0.3605601435931376,2,Buồn ngủ
0.17864764076733256,0.0709856342599573,-0.23052872369700594,0.5588634387170693,1,Mất tập trung
0.20569731854708506,0.16862299660926744,-0.08483330346038898,-0.0669092143860562,0,Chú ý
0.10326749702623828,0.2065886152798046,0.1897127726564592,0.5239383523039934,2,Buồn ngủ
0.20199063282040833,0.15761555001986244,0.11060470043456809,-0.08346504838917314,0,Chú ý
0.0601081307007705,0.1609657695003335,-0.20495519059065573,0.36288042124971986,2,Buồn ngủ
0.19389078207912658,0.12070713945574812,-0.5502833309755165,-0.04089689501858659,1,Mất tập trung
0.20816271372056913,0.08982168652559137,-0.18749790709520198,0.1324771709196452,0,Chú ý
0.1529472485145623,0.04913804973521772,-0.4640338156554699,0.13774381108723413,1,Mất tập trung
0.12877626355370256,0.21393322880767285,0.05944618653652442,0.47004694054256874,2,Buồn ngủ
0.2599287774598795,0.10273429500254831,0.03257684192726452,-0.043809239418806864,0,Chú ý
0.10244360749273672,0.1348008501779766,-0.03205258255411979,0.4776249175028002,2,Buồn ngủ
0.21169602050701303,0.09959014970582693,0.1861383189455223,-0.007020097721440913,0,Chú ý
0.042204594683091054,0.145740696287823,0.3901574251339851,0.463640768997039,2,Buồn ngủ
0.19079228620232436,0.06750221451294003,-0.39989989872729215,0.4884534544292479,1,Mất tập trung
0.11980343737659319,0.18315964162381532,-0.09281363128283679,0.33425710523014346,2,Buồn ngủ
0.16397327552024757,0.08662629493127812,-0.3543117551340061,0.018505435997846393,1,Mất tập trung
0.23588544915110238,0.055492410302217327,0.13040506334965124,-0.12144021895907589,0,Chú ý
0.17165851879781902,0.15987436371808472,-0.1837078215225757,0.687203821632141,1,Mất tập trung
0.14406691053937462,0.05252352529671928,-0.16209780751276562,0.023527124070882255,0,Chú ý
0.06976570988185823,0.1531319916383308,-0.08229475870998135,0.25445963210841754,2,Buồn ngủ
0.23065300177046943,0.05252458309760268,-0.6341485642268126,0.40920837039790287,1,Mất tập trung
0.0792347245890642,0.21313590674886146,0.11472298270071454,0.26914791096357454,2,Buồn ngủ
0.1396506299612831,0.13126647976720865,0.08294796089714307,0.48669255589862653,2,Buồn ngủ
0.1515272200901797,0.0987041365775745,-0.08147760336118814,0.09840459043636436,0,Chú ý
0.19556155634522254,0.06801202950418157,-0.27424843662615594,0.38301022615513575,1,Mất tập trung
0.18063997549905086,0.12592490220848782,0.0111368061843764,-0.0752256460987356,0,Chú ý
0.17813066539650343,0.03837791398000974,0.735209393756656,-0.5481553156805342,1,Mất tập trung
0.18640649677714288,0.14937182962631324,0.7196338058688334,0.647758786819782,1,Mất tập trung
0.21139887029117974,0.14326903019280832,-0.1483823705927602,0.030162643631854474,0,Chú ý
0.1604427066336842,0.049271714102741365,-0.38180408632087215,-0.6889576217243917,1,Mất tập trung
0.13750712695786382,0.1298278125463044,-0.029118836860626496,0.17259708311232724,0,Chú ý
0.19146035807387807,0.07860837869804833,-0.09500041093407338,-0.12251065081262555,0,Chú ý
0.12380405830975204,0.07559749342584102,-0.3145199246949678,0.17447354285227687,1,Mất tập trung
0.1441638366560855,0.026742798430222012,-0.13804107022239914,0.1501725582241423,0,Chú ý
0.17293222080555018,0.07797443644462401,0.09686437689714314,-0.023509472372358196,0,Chú ý
0.23877290741884186,0.0512062021265504,-0.028094824795376117,-0.09869367158279117,0,Chú ý
0.21467018308533187,0.0765524198893705,0.202250823332947,-0.05822531664840477,0,Chú ý
0.19067879331936635,0.08200265858027037,0.06840384269444515,-0.005569910359795965,1,Mất tập trung
0.18768790232653318,0.08735522241173824,-0.717128520848523,-0.6997850852531217,1,Mất tập trung
0.0541128270375991,0.0912064145220749,-0.25214926475273436,0.33445958410854376,2,Buồn ngủ
0.07082872554852497,0.17888769342679123,0.16099556800471224,0.22903870968757248,2,Buồn ngủ
0.07499467009172507,0.16584743852382378,-0.17687113990171852,0.33940006167064196,2,Buồn ngủ
0.2069384536735367,0.08292901044230136,-0.04331399864719684,0.02780577226000268,0,Chú ý
0.16966744683465695,0.07545932492021369,0.0675212370779081,-0.04345439812741986,0,Chú ý
0.23461663530068455,0.13559779937052568,0.017328593414088333,0.10635500717368114,0,Chú ý
0.23109987922198671,0.12433912468639663,0.07540649820138998,-0.058314126537576526,0,Chú ý
0.0969403064471635,0.1078762459165129,-0.33718140414136605,0.32919681391294753,2,Buồn ngủ
0.17559945360422405,0.07258918542175996,-0.1844996871716065,-0.29484114908186215,1,Mất tập trung
0.21620080148477702,0.10470393742104936,0.5809035285804518,0.7081740402771157,1,Mất tập trung
0.24528537756488936,0.03697497591769411,0.18769889854844027,-0.009385975911141237,0,Chú ý
0.06625972134329611,0.13950556812686746,0.21172480425403298,0.40438111296726204,2,Buồn ngủ
0.17296918415085397,0.05266448285037516,-0.5939371014963234,-0.34039088151775926,1,Mất tập trung
0.20286083180617182,0.12814884520211497,-0.6764159163599288,0.15656762167645316,1,Mất tập trung
0.27304009921346045,0.1464286428899048,0.16710410730542966,0.12231234008091799,0,Chú ý
0.1442667382850005,0.15902233881578864,0.2994782328024212,0.3694970080080463,2,Buồn ngủ
0.1362100198593334,0.11369577677852383,0.17471852200188479,0.06780605114806255,0,Chú ý
0.20401422430296284,0.08677395482653762,-0.1879971337716519,-0.1965948074946961,0,Chú ý
0.1190229621397534,0.19792893188364008,0.089872624605178,0.3619716057095568,2,Buồn ngủ
0.16740612431569488,0.0954235113924751,-0.046130826119667886,0.15278312654876391,0,Chú ý
0.14385900649160885,0.1328511479030855,-0.2551293811418341,0.5312143721754784,2,Buồn ngủ
0.19103597843121647,0.11233307955841888,-0.1977914862847835,-0.1409362433198061,1,Mất tập trung
0.23248780994025603,0.050112140902460495,0.1369178900554291,-0.061488510277973495,1,Mất tập trung
0.21500131585350046,0.11625022744196967,0.06853363575940186,0.04788751486355416,0,Chú ý
0.08899662521151547,0.10629867844337278,-0.2928012130102605,0.28016760377688243,2,Buồn ngủ
0.15628550879212116,0.08288072926085284,-0.2618578428996836,0.727629226274323,1,Mất tập trung
0.08301324943960689,0.1351769792656054,0.32200663819483816,0.25544663527846095,2,Buồn ngủ
0.16224267755930225,0.044813169565726105,0.02763736719924241,0.159416889539809,0,Chú ý
0.058861164566525244,0.10484114821031368,-0.04826578388928988,0.5939132472802239,2,Buồn ngủ
0.18297483445517315,0.08953430842908085,-0.05421413620513566,0.08001775551851523,0,Chú ý
0.21793048725504058,0.07268201540831412,0.14490588989755523,0.17019381935943814,0,Chú ý
0.06486173915270078,0.15327200716998082,0.36069286282406576,0.3052262664955951,2,Buồn ngủ
0.25310461972812187,0.0779056666335314,0.1789892524159298,-0.15834621167034627,0,Chú ý
0.19430598368135205,0.10197453759616569,-0.10072947647473894,0.05756863468861283,0,Chú ý
0.06775790590914896,0.08084754744752369,0.2966774866309931,0.40293119138249633,2,Buồn ngủ
0.15666239008875948,0.13041033582076297,-0.19084461377167058,0.4553464648170554,2,Buồn ngủ
0.20386678050668514,0.17341218119857957,-0.13364535592825272,-0.1290401679926275,0,Chú ý
0.16499137676934494,0.13834699477148096,0.16188590650135828,-0.08912340372595705,0,Chú ý
0.17149148434342584,0.1423528200785843,0.5253544031728596,-0.5344226191845509,1,Mất tập trung
0.1689853231570501,0.0984035830044811,0.5551581053482106,-0.4777624857891735,1,Mất tập trung
0.20845146024260625,0.07016451472753452,0.046346554919574186,-0.1855940326653096,0,Chú ý
0.22131103807576225,0.07212162916148154,0.6678535256773137,0.6697079286301748,1,Mất tập trung
0.1510316833237801,0.16333106409727854,-0.6231570411458739,-0.6608192332081853,1,Mất tập trung
0.08529764171088403,0.1433308361929437,0.17697041947834205,0.3596509012193089,2,Buồn ngủ
0.27533527948150865,0.11940176712924402,-0.4765738873948944,-0.0493709948494017,1,Mất tập trung
0.2473657904108647,0.14210889748102917,0.033691551368012246,-0.0977111226789479,0,Chú ý
0.22110452186604893,0.14928561204301063,0.5950383516566037,-0.23175282578496326,1,Mất tập trung
0.2063597320401776,0.0713981499262484,-0.3942832635555766,0.7640983982307787,1,Mất tập trung
0.10034575057150794,0.10173663899465782,0.12118424677303917,0.40346472446942927,2,Buồn ngủ
0.12085763986554494,0.2038924983809442,-0.10989734746281007,0.21326080733404165,2,Buồn ngủ
0.19485471258578058,0.12344849973939342,0.11794939879776074,0.1285497656730387,1,Mất tập trung
0.050855575241862704,0.13576583219755994,0.18775388693529219,0.48904868717413824,2,Buồn ngủ
0.1864659552270003,0.14324703465455582,0.006243299558452294,-0.08287051373898185,1,Mất tập trung
0.25696538708002453,0.116999607693427,0.1288154744882965,-0.08181112671458829,0,Chú ý
0.14681120650749752,0.11434520293048447,-0.3911860239880651,0.4999701645539093,2,Buồn ngủ
0.07625609531940111,0.12967691639892082,-0.3749420387895095,0.23009475140724867,2,Buồn ngủ
0.2451156199567498,0.14731275760068607,-0.13647154286147006,0.04900726528469273,0,Chú ý
0.1780750548178961,0.1673142960423757,0.09211355725421021,-0.12669797490335533,0,Chú ý
0.188282626532979,0.14748842412067373,-0.20662695990626986,-0.617606378046674,1,Mất tập trung
0.07676671084127147,0.18386446117582847,-0.06538577829819495,0.5611091078112858,2,Buồn ngủ
0.24384059933777347,0.09031138156264304,-0.05521520461900334,0.1378137307081311,0,Chú ý
0.09256584972048194,0.14475533185485168,-0.22199522209458364,0.23213739939438335,2,Buồn ngủ
0.19086399092870848,0.07525481974225236,0.019616545109057276,0.10828092433673166,0,Chú ý
0.20331710215320023,0.07883791753373831,-0.09598038496696162,-0.11192339320423693,0,Chú ý
0.18175666417517006,0.07284728731850044,-0.16039096179835152,-0.10637762482884555,0,Chú ý
0.13563469762907618,0.11173197842465865,-0.28213690333534835,0.5658204689185334,2,Buồn ngủ
0.14045116714915895,0.1468733778791671,0.1231526696377556,0.5121939233488693,2,Buồn ngủ
0.2166214862600554,0.12982210043091144,0.09194919484582556,-0.11597968825838395,0,Chú ý
0.2661611611570307,0.125644503690743,-0.1927426297815886,-0.11005601213890598,0,Chú ý
0.13802802916234344,0.17476416450628857,0.204608794234341,0.30028543262202106,2,Buồn ngủ
0.17856128311043684,0.13128124309480796,-0.07138155310164737,0.06335834039526815,0,Chú ý
0.26481991639131053,0.08405236238873678,-0.18404474279402713,0.12090680516067683,0,Chú ý
0.20885621844878643,0.12822328351311238,0.5485031028172729,-0.33484712661193317,1,Mất tập trung
0.08259763432685324,0.19453569653584477,-0.1357652179802701,0.4499998561867374,2,Buồn ngủ
0.16144601426019167,0.08028945077216022,0.11823066751035556,-0.16437752814913542,0,Chú ý
0.18708007796444887,0.1271907749666327,0.13176631538097763,-0.1544055049179512,0,Chú ý
0.24495770320915708,0.10597169257421883,-0.41227210890732924,-0.274793871003931,1,Mất tập trung
0.22588938370414358,0.14345823719930217,0.3049317982283712,0.5742358703736918,1,Mất tập trung
0.21865059430655368,0.07599203605965885,0.1238828481225602,0.1581851779834214,0,Chú ý
0.22037718644293827,0.09797389291413641,0.16995804212989196,0.48971573429689985,1,Mất tập trung
0.19430984403243481,0.07144944159170001,0.14205644606596168,0.04178384159249522,0,Chú ý
0.13389091277717424,0.12931867972593547,0.3228906862467418,0.4448426564088798,2,Buồn ngủ
0.19998785976946742,0.07367013856542616,0.08506527021657151,0.06256136758405405,0,Chú ý
0.21389708894366227,0.06806499753589859,-0.07228899646052475,-0.0006531505156819883,0,Chú ý
0.2266811027176545,0.08348725452763106,-0.03930881249620999,-0.10820749340600119,0,Chú ý
0.20203165791490704,0.07188231779830183,-0.12454131829122203,-0.020883455508255374,0,Chú ý
0.12425334565040352,0.14099115702169368,0.3958788681046398,0.41685129531041193,2,Buồn ngủ
0.15247002156822773,0.07824456481879404,-0.01828776284094765,-0.06760502192585287,0,Chú ý
0.18620167801797172,0.08231166448065529,0.12569376347963496,0.0793281824510905,0,Chú ý
0.23145382489691207,0.08054453368823798,0.7680762538933792,0.5081426152357718,1,Mất tập trung
0.19902376034912084,0.12889081438618002,-0.4136911628677644,0.22936779276399025,1,Mất tập trung
0.06326919952823207,0.13206812422690473,0.39702137824150274,0.21332418464882738,2,Buồn ngủ
0.1576607072877782,0.13476094995257556,0.5811055890204134,-0.0977225531813367,1,Mất tập trung
0.25755152593350583,0.057421374463819,-0.12431862104993197,-0.11690100103160429,0,Chú ý
0.17437010706293576,0.09947978822614639,-0.08143140842492762,-0.13513828085255464,0,Chú ý
0.1735098262831418,0.14336985980249797,0.09721484903716933,-0.06505725229117398,0,Chú ý
0.16429003186316488,0.14778938939922948,-0.17072483586208018,0.14902223945699009,1,Mất tập trung
0.22112180553571972,0.12969715944658639,-0.170001566708533,-0.08673571666721192,0,Chú ý
0.22846414257930742,0.08049239062911248,0.534273664376459,-0.0808608506555582,1,Mất tập trung
0.16164832620427735,0.1308842925620286,-0.29097232782182075,0.015371883443621826,1,Mất tập trung
0.1626439466406324,0.13362990413546993,0.1057012316108047,0.3147837474469487,2,Buồn ngủ
0.2304318633067145,0.06174031528424304,0.6442905881626876,-0.4945835526988245,1,Mất tập trung
0.21257387009292858,0.1228452147168184,0.18716601028041063,0.09712721315145742,0,Chú ý
0.1626307360009009,0.043578351215065494,-0.0543101583100879,0.051725086807794904,0,Chú ý
0.22556248501803183,0.09063981777892227,-0.17522140437317793,0.17666219915366438,0,Chú ý
0.16984964279033218,0.0996043563231408,0.018516404836921442,-0.1754181789221845,0,Chú ý
0.25855935613233005,0.07684176610077613,-0.004685263519415843,0.05944372765948263,0,Chú ý
0.051496539961994964,0.1352262327662463,-0.2524923145182182,0.3536432328232786,2,Buồn ngủ
0.19558527505115103,0.08664745737390699,-0.06784500954422604,0.00829979877146966,0,Chú ý
0.20378628400368087,0.05190363030343445,-0.15793616956959006,0.17338995586282577,0,Chú ý
0.12450034271183016,0.10402516621744175,-0.19692351617841017,0.3907218766240168,2,Buồn ngủ
0.252691087256795,0.09871256889760154,-0.6648162166880253,-0.6155424896836608,1,Mất tập trung
0.16397015346119237,0.15391693466631803,0.196385521010695,0.1833954605934214,0,Chú ý
0.0900442407742229,0.18351885012745212,-0.06275669079668895,0.2071292751320001,2,Buồn ngủ
0.2487736579174085,0.09423231409166397,-0.6562603120605923,-0.57487602704021,1,Mất tập trung
0.20372638835360843,0.09006627534062309,0.16370108055045046,0.16357190228476642,0,Chú ý
0.12436815111489842,0.1188328065138426,0.04613108383590672,-0.08629569736737712,0,Chú ý
0.03142234437366497,0.12465992485365326,0.09004843241421717,0.44135089731482785,2,Buồn ngủ
0.21723243865847602,0.056896081320952425,-0.07326461928887634,0.16931212136874202,0,Chú ý
0.2384529764828538,0.14255549834715414,-0.08760420285076037,-0.12667763482193523,0,Chú ý
0.18778240804960833,0.11052249964983539,0.1814775184814762,-0.19865153086757376,0,Chú ý
0.1825261167549981,0.12507161993048962,0.0938776442299972,0.15218412278324328,0,Chú ý
0.1916524500648917,0.07475475874751067,-0.10094750914717085,-0.1714244849190297,0,Chú ý
0.1924102996531106,0.14257395961654692,-0.6512531463435488,0.7388499960387854,1,Mất tập trung
0.09247475149405202,0.0918748177409118,0.33001674255623537,0.5623242581016844,2,Buồn ngủ
0.16783108844168812,0.12182806105668906,0.005235697343504493,0.13059159893215302,0,Chú ý
0.17944277240932405,0.05463246112726064,0.09008563796218047,-0.024567295039030535,0,Chú ý
0.20896222542706683,0.12006888906061997,-0.35116631940832255,-0.7098277780779325,1,Mất tập trung
0.24976631823235315,0.07615627338366555,0.18031378052242023,0.15228023808924884,0,Chú ý
0.16244786518786866,0.15999626973907666,-0.09711758421709554,0.5287665757259368,2,Buồn ngủ
0.11670119557294042,0.10073927623082254,0.05684065335747937,0.21925515071983673,2,Buồn ngủ
0.15333614010070118,0.12287076275964406,0.17335124732396556,0.023435470407968464,0,Chú ý
0.1340955506810382,0.09683834311743136,0.4444707821832797,-0.747175834885098,1,Mất tập trung
0.255111836747523,0.12141114937556469,-0.020751964519923644,0.17808631650275103,0,Chú ý
0.24087063984186133,0.1252570049918483,-0.18929063707549673,-0.05432671498726532,0,Chú ý
0.2270098826430001,0.14000441169338074,0.2900479777959094,0.5201486487604909,1,Mất tập trung
0.2573055723171899,0.1691583390408291,0.11475918625814739,-0.1492086963629192,0,Chú ý
0.13184563494330723,0.20006178344286077,-0.025607429228178893,0.6026589504360839,2,Buồn ngủ
0.1780403277392494,0.11719901160067547,-0.1539721569785172,0.18797107007708624,1,Mất tập trung
0.20060542663356798,0.14788835894951383,0.14394997098616436,-0.04731751693889788,0,Chú ý
0.05542777631079738,0.15814669112764235,0.07515206328435727,0.5930506941678668,2,Buồn ngủ
0.20326880964226599,0.11963759066672673,-0.7234720468541737,-0.03770545920671729,1,Mất tập trung
0.050364171665478664,0.17760241021275702,-0.3517754623830157,0.5751962210661413,2,Buồn ngủ
0.22511909403627325,0.07878754574365414,-0.15649541350142013,-0.08892278531642539,0,Chú ý
0.2506676392596679,0.07846442711882218,-0.0353824673408718,0.10334650804045842,0,Chú ý
0.17503402035378737,0.05087683999309836,0.07405413326738286,-0.14871798174891399,0,Chú ý
0.028916228360994087,0.20102857390973203,-0.09586702558901565,0.5576480570217622,2,Buồn ngủ
0.1549370114152865,0.10843270795164921,0.012280223092390923,0.04933930024289342,0,Chú ý
0.19414105524306405,0.04370103281610795,0.21887394022006748,0.10145268751539478,0,Chú ý
0.20720864063013963,0.06941321578501818,-0.2876259279890511,-0.4484284903434942,1,Mất tập trung
0.2278593950474265,0.047803284704524704,0.008775926521472077,0.0916631066778889,0,Chú ý
0.05198001840603306,0.16368473265711822,0.22117402706453645,0.4371081287047478,2,Buồn ngủ
0.10977612036395828,0.09807998931345963,-0.0967190567670236,0.5866647785920656,2,Buồn ngủ
0.17880766716807275,0.10024866112406546,0.16483268674370677,-0.12951428872335044,1,Mất tập trung
0.238126680637751,0.12520943407940618,-0.08104973525134407,0.12538274719089815,0,Chú ý
0.2313534574222157,0.04597787951805359,-0.18197079073434078,0.7474597008816634,1,Mất tập trung
0.053818670056700005,0.19310256324537653,-0.044783875434878676,0.27634370405904424,2,Buồn ngủ
0.22064583472830784,0.12360606499917653,0.5552408280023369,-0.21133933762391874,1,Mất tập trung
0.16798101336819532,0.1324490576098696,0.3252842736536196,-0.6838189943165199,1,Mất tập trung
0.12093142253981808,0.105797915070633,0.2012430672778567,-0.0010185150786482175,0,Chú ý
0.22238576116406908,0.1332067730016552,0.1270993881064935,-0.15948616518535885,1,Mất tập trung
0.16167736180942613,0.14999718690900854,-0.06772247516078864,-0.0234748383471051,0,Chú ý
0.18209170171300118,0.09590400553322623,-0.659498024358364,0.6727603628252636,1,Mất tập trung
0.18894813105488326,0.11714499576751987,0.08758411024100664,0.06829453542873928,1,Mất tập trung
0.19410610774709067,0.06093410904696925,0.125098739713093,0.14824793476893391,0,Chú ý
0.1123728880365283,0.17539000530319546,0.1736700733783977,0.45419498414583476,2,Buồn ngủ
0.21786175959289972,0.08636154519970321,-0.2695752159408702,0.17126225655875515,1,Mất tập trung
0.2733550072841387,0.06078497384743665,-0.42595761827569106,0.715295749706101,1,Mất tập trung
0.06510875157579624,0.13718073667901928,0.33178890426146307,0.1952694886879603,2,Buồn ngủ
0.1860561427604977,0.0948136295940026,-0.10146775604723862,0.05063392504391563,0,Chú ý
0.16758274385768324,0.0614343102180165,0.42018278338258763,0.1497705709631536,1,Mất tập trung
0.16674014324646613,0.1416918625582872,-0.3106042060152427,0.43832112222346076,1,Mất tập trung
0.19408929143613446,0.1158135161862576,-0.10440850637813907,0.14973361224695286,0,Chú ý
0.24085636253461265,0.13912843086243906,0.0014376048428350928,0.17893349385374746,0,Chú ý
0.05557739319877687,0.21042723945048936,0.2567818270840083,0.5476331173591785,2,Buồn ngủ
0.15670090534350475,0.128061084965376,0.3642191531880843,0.4177869161868521,1,Mất tập trung
0.10816951315495302,0.2078736760690691,0.14947762722138697,0.42449419032364905,2,Buồn ngủ
0.1397093979752222,0.04231134288701063,0.34363791360252516,-0.11312815795330716,1,Mất tập trung
0.2683919216544378,0.06591245569769953,0.010467660478774303,-0.23450186015990365,1,Mất tập trung
0.19651036190970614,0.06113063150548925,-0.013551261364963665,-0.07840300182047404,0,Chú ý
0.07725525798835814,0.2032299267678964,0.38964493315946913,0.4461271081727654,2,Buồn ngủ
0.25338370805294175,0.04884086852396942,0.7846017533831897,-0.5381005780809219,1,Mất tập trung
0.14328595525203816,0.12318112253954618,0.4945597504893124,-0.5846571808250014,1,Mất tập trung
0.1357323704740468,0.11164431658729845,-0.08015899098284689,0.0953616769541728,0,Chú ý
0.1880639511821452,0.051951870936788005,0.2685615554312161,-0.13003877646251932,1,Mất tập trung
0.042138958808328124,0.10928451987890639,0.12281848478076667,0.5862463485632233,2,Buồn ngủ
0.1861338068194411,0.048063359928190344,0.1302436984144294,-0.07467329425463318,0,Chú ý
0.13520619653982316,0.15699208596619327,-0.21011085494491372,0.2633380857794325,2,Buồn ngủ
0.2466907990244685,0.11921079075410486,0.6160229025427446,-0.7619322869715548,1,Mất tập trung
0.1875078684010644,0.11402630049941176,-0.020864142724363384,0.08390590545500008,0,Chú ý
0.11228594638541642,0.11656568838840001,-0.14018847169695278,0.4887237898821571,2,Buồn ngủ
0.08938461186615718,0.12477019170628756,-0.18945227736027673,0.269534035314218,2,Buồn ngủ
0.18969502505317662,0.12231345821766199,-0.03534515281003567,-0.060821659157486024,0,Chú ý
0.24511517882287887,0.09116011654422466,-0.15125449286150267,0.5897708551517292,1,Mất tập trung
0.17357837956232286,0.12344038003146068,0.013230021854515762,-0.15007058417485733,0,Chú ý
0.22440782544555865,0.0538606276729123,-0.3582233248221532,0.030776619275631623,1,Mất tập trung
0.1969642922361853,0.08232854775928311,-0.0010070775420590317,0.10820116867163322,1,Mất tập trung
0.19949891644350132,0.07105203227646087,-0.13551082167123107,-0.04785791473804739,0,Chú ý
0.23677211289777222,0.07262563203445252,0.29771850910611847,-0.27864324472729834,1,Mất tập trung
0.04712409327044447,0.17487317356227838,-0.35677400572493,0.35160464907175776,2,Buồn ngủ
0.2359759119681703,0.07219276676985494,0.032191903943148935,0.24928361318929704,1,Mất tập trung
0.1815401544548536,0.12372968940581355,-0.36237345330690734,-0.5113250776998067,1,Mất tập trung
0.12200824828522577,0.14483676431107628,-0.3832904403616218,0.23381263510378908,2,Buồn ngủ
0.23756422853257947,0.10550296633992456,-0.003946607112510469,-0.047343338075409,0,Chú ý
0.21600560039908434,0.058939206550915654,-0.06311663210357796,-0.0037951409502874262,0,Chú ý
0.141984213801918,0.13679179743394554,-0.16407669172921752,0.4957425769104276,2,Buồn ngủ
0.22365755382444785,0.14772141881076184,0.14381368049095583,0.10753237127925838,0,Chú ý
0.12289590808941218,0.16014581364118138,-0.03975430443617615,0.36074037470797315,2,Buồn ngủ
0.26483876193301154,0.08886175133503982,-0.6179497563403283,0.5277486754386043,1,Mất tập trung
0.1283177073894873,0.221058867552402,-0.3525168727277553,0.26880662196135013,2,Buồn ngủ
0.09274979396912142,0.15932227835823104,0.187116604622026,0.34919422723764254,2,Buồn ngủ
0.06723363737129845,0.187367074536377,0.23283008403435135,0.5436141197889948,2,Buồn ngủ
0.2309382803528527,0.07208718383661178,-0.5013895272743362,0.4032864399009211,1,Mất tập trung
0.14315825578472488,0.12325111591784643,0.44994535286917614,-0.6143214734648013,1,Mất tập trung
0.054941053160312905,0.16175997328609545,-0.14528319416154456,0.252249767266178,2,Buồn ngủ
0.1772411711146865,0.13054797917262348,0.24645989052740527,0.7120088177065791,1,Mất tập trung
0.2076499951937389,0.10652918940458564,0.6179148640793035,0.4275919629368906,1,Mất tập trung
0.1701024608140464,0.10867988230893924,-0.014857023039869134,-0.09917724557764834,0,Chú ý
0.2358875476090517,0.11030394258343491,-0.23746351075697034,-0.22304661814302815,1,Mất tập trung
0.12898037041037697,0.15027303402177786,-0.3634873657616604,0.2140835866054884,2,Buồn ngủ
0.1906812586595466,0.07079151338120682,-0.13585203728067796,-0.10719226019570056,0,Chú ý
0.230526534230728,0.011177149763911758,0.010246746832405597,0.14526482748841996,0,Chú ý
0.1721025975020375,0.0776770224208559,-0.05065520589979035,-0.0879708872188389,0,Chú ý
0.0682343480606769,0.15449103202942732,-0.28184798248449155,0.2035263788693711,2,Buồn ngủ
0.2268062690811788,0.0578712928372885,0.0476866157778649,0.11212424200619146,0,Chú ý
0.1613579697213826,0.11080607231245854,0.10838117444187198,-0.08675779391504253,1,Mất tập trung
0.229870429284932,0.10732513755467675,0.4867958220771572,-0.06393764526738732,1,Mất tập trung
0.12677899021420702,0.1658399765769467,0.2647115153505866,0.2263070824982369,2,Buồn ngủ
0.19447365642805073,0.14127729211502363,-0.21278121397965932,-0.15476145091846952,0,Chú ý
0.14229085494403537,0.11260426979638789,-0.3606862150054346,0.41106041197852206,2,Buồn ngủ
0.18885404907102155,0.09889664349900736,0.6204327034548024,0.3421288561863976,1,Mất tập trung
0.24775657452592928,0.1341248004008272,-0.02271470553037226,0.11214628913681357,0,Chú ý
0.18840266955225174,0.09423544365104297,-0.13434009833174165,-0.17300237503192675,0,Chú ý
0.21858619114488642,0.07653806678935017,-0.0070558851060193335,0.0359343521299252,0,Chú ý
0.1682715356427534,0.08020840715666065,0.019737145847161186,0.7101266377681583,1,Mất tập trung
0.22588476581000194,0.09327896748609857,-0.612112746619316,-0.18631482631764829,1,Mất tập trung
0.17395144630949252,0.13404995553608753,0.008584276028911712,0.127980125355743,0,Chú ý
0.2602461646498302,0.12910995457549893,-0.014332565170163444,-0.16855965437991713,0,Chú ý
0.17795652047206326,0.06824688621760094,-0.4551233279186041,0.46094780485533576,1,Mất tập trung
0.12305580177304805,0.20095021678320768,-0.17729356753989733,0.32195894302916367,2,Buồn ngủ
0.2017967000929744,0.09009064869922029,0.16405809673865304,-0.5164527570635378,1,Mất tập trung
0.23116317711267267,0.16679834538942764,0.17739011248858683,-0.08440603620965903,0,Chú ý
0.245461397680801,0.051723934967959906,-0.0149040842420895,-0.05984350974089106,0,Chú ý
0.1815921958973689,0.10746693522090203,0.08390049910317991,-0.15469238992608678,0,Chú ý
0.2192591087686129,0.09217309062399,0.14479545354195728,-0.06583345317974759,0,Chú ý
0.1575989088656794,0.04328036976463833,-0.5838061759756342,-0.33141428562439784,1,Mất tập trung
0.17139218912038978,0.15842356660713502,0.03704392280164628,0.15662482866816274,0,Chú ý
0.18972468515155685,0.06348857003116845,0.10197734103908193,-0.1774848091457638,0,Chú ý
0.14757516298883097,0.09963058306015034,-0.589598746180901,0.168432240983421,1,Mất tập trung
0.27445066122808753,0.03700140254751433,-0.06973485250637831,-0.7394695669591811,1,Mất tập trung
0.19238261552619107,0.06886164129271158,-0.5965004631792625,0.02789537127672475,1,Mất tập trung
0.1185352469726383,0.19300963010639627,-0.3933847608397975,0.6155193567059419,2,Buồn ngủ
0.19393091683350386,0.08936697056920964,0.039474149139905906,0.17167597537970447,1,Mất tập trung
0.17274649604507225,0.13867178027365976,-0.17268546267267132,-0.0083467174127301,0,Chú ý
0.02892514216263957,0.15672839598178262,0.17555057754167508,0.3553097087002874,2,Buồn ngủ
0.1929512276618465,0.14903467674390586,-0.17104930038958008,0.16570431029531674,0,Chú ý
0.1469475066673899,0.1089374042082746,0.024953053746440877,-0.18725370990786647,0,Chú ý
0.1687717557918394,0.031031797685966724,0.5498800672122668,0.3143309434221472,1,Mất tập trung
0.06538780225722025,0.15058004679062373,-0.01793781475880176,0.2168372821023908,2,Buồn ngủ
0.21914742184334862,0.14759499960459302,0.5115639039260239,-0.19769343724434546,1,Mất tập trung
0.1756215965144835,0.06349699384422741,0.16196401779085412,-0.07484043906148889,0,Chú ý
0.0852881172033793,0.13227589125235986,0.19815574402682498,0.5506629254587591,2,Buồn ngủ
0.146324800152316,0.07492423102150046,0.1743061930343037,0.15777243196742463,0,Chú ý
0.14625602893987924,0.1719752005428207,0.3001377988945241,0.30112815333773646,2,Buồn ngủ
0.14285694887022,0.13296868895141803,0.3438002011242216,0.2689318774292093,2,Buồn ngủ
0.2273343674346899,0.08578983768082434,-0.030681459021057286,0.1567685812594916,0,Chú ý
0.20240053924799742,0.009740354392136066,-0.048493314442677946,-0.15458159666286495,0,Chú ý
0.1042869780229491,0.14807953676832114,-0.16762730920801838,0.21956175363560704,2,Buồn ngủ
0.2591860236784119,0.09255003448248668,0.12706080043637472,0.10278565218881684,0,Chú ý
0.15533538484110532,0.15222072333670353,0.15005504519008048,-0.07271447019382164,0,Chú ý
0.20612338762595558,0.12115988491607924,-0.07697780578194871,-0.14680344145022575,0,Chú ý
0.09411760292716691,0.15409028641504907,0.3214115851941001,0.37235441611425213,2,Buồn ngủ
0.17620481170972613,0.08702510627727045,-0.7895948459297735,0.41751339867371723,1,Mất tập trung
0.11622022174725208,0.20925670356659765,0.23249914599851226,0.44257350796756134,2,Buồn ngủ
0.14006520285791715,0.06938048288562296,-0.6164350607466974,-0.6491306117055206,1,Mất tập trung
0.1887864385486731,0.04802436979862111,0.09411735296467319,0.0291014284995358,0,Chú ý
0.1749820855737016,0.13349049247395292,0.10148567087280357,0.2963867518655528,2,Buồn ngủ
0.14383681175962257,0.08127708536272499,-0.029513287778721822,0.019896362014032446,1,Mất tập trung
0.15194648411404568,0.18992188067932717,-0.2274463153549817,0.3860689983159706,2,Buồn ngủ
0.22539207706801603,0.12299798860729426,-0.17725702633684678,-0.17766752466012942,0,Chú ý
0.2093734040768984,0.16463387464217794,-0.009330275448175888,-0.07311213965283961,0,Chú ý
0.201631085332585,0.07446569700631041,0.7397040153081622,-0.0840649917828149,1,Mất tập trung
0.23681589917285487,0.11442384554140994,0.16056058661614342,-0.07717295852818018,0,Chú ý
0.10346593256420868,0.18152677816070498,-0.22414601488003724,0.22045089242342747,2,Buồn ngủ
0.11689193059041027,0.09047266213278374,-0.11682230415914033,-0.09900324887044204,0,Chú ý
0.06559231276596542,0.13327192640358568,0.2688290434912319,0.4837422926978541,2,Buồn ngủ
0.14846204575512179,0.13541397745413272,0.7164187022887984,-0.3692708228986903,1,Mất tập trung
0.18961190602132236,0.11348123549444676,-0.1737549533516506,-0.16737584747573617,0,Chú ý
0.2174379420541429,0.10781980702090571,0.677616505817446,-0.7314821500478935,1,Mất tập trung
0.13032234350256788,0.17428796982032113,0.004476434469865287,0.40696250902609465,2,Buồn ngủ
0.06961213824751866,0.14050397659912003,-0.2571842498519044,0.5041309248001649,2,Buồn ngủ
0.1389443306194137,0.23602529053767132,-0.26481511121150264,0.41148976909246066,2,Buồn ngủ
0.2226312719471632,0.110548467399745,0.5704518613479291,-0.17491209427106102,1,Mất tập trung
0.26065417210106157,0.12217121335670461,-0.13515291493652126,0.04747219984996851,0,Chú ý
0.09087549649913201,0.1437186614592546,-0.071203280949212,0.4913451101530168,2,Buồn ngủ
0.2238786910214532,0.09384975637788626,-0.04548104205568188,0.08292717894007465,1,Mất tập trung
0.277390168556902,0.11024934804938362,-0.043330005058956116,0.005429261353002056,0,Chú ý
0.12530400794024135,0.22094925424287842,0.10188933466914454,0.39222013946064915,2,Buồn ngủ
0.1667047360097757,0.12837112530567277,-0.08202312972381058,0.14077425378085745,0,Chú ý
0.20855974117284148,0.07387293310040982,0.23463094846457686,-0.368209262194331,1,Mất tập trung
0.19385791338165903,0.10745496411460656,-0.03257730463823431,-0.09038323721288331,0,Chú ý
0.21147021848722247,0.07018868979665782,-0.012253345134142848,-0.16578127881137494,0,Chú ý
0.21061141796252747,0.050442530130850316,-0.30011556815915913,0.30121028429356783,1,Mất tập trung
0.11406972944189786,0.1892167340134593,0.15023523013044737,0.5378629166246739,2,Buồn ngủ
0.11066774465330871,0.13022171218595183,-0.1568537478855234,0.3124090243839609,2,Buồn ngủ
0.23684182395465794,0.020811782181078084,0.08665313339865283,0.49604893250808807,1,Mất tập trung
0.12295486859873822,0.043891792181401504,-0.06991122283293012,-0.2855106897627732,1,Mất tập trung
0.18494170290123943,0.11850768918748213,0.049338038859157066,0.14403417354311981,0,Chú ý
0.2322420803667517,0.07939748046254108,-0.1607187677671254,0.030464746871435716,1,Mất tập trung
0.10656537023717952,0.10386275374482677,0.06048849381575837,0.3954428026705406,2,Buồn ngủ
0.25570411332201026,0.12182560739967012,-0.14639786696885604,-0.020344496425801235,0,Chú ý
0.20445925804547263,0.11832878477773441,-0.17829740060578353,-0.19247312941411587,0,Chú ý
0.18221784867317134,0.11441016024681736,-0.5365690828793416,0.010332007316572994,1,Mất tập trung
0.1977880397404408,0.08053994132321811,-0.1524413559080602,-0.3945113397861968,1,Mất tập trung
0.20394133496488268,0.056771121533339956,0.14851969950575272,0.46042831553492236,1,Mất tập trung
0.07424925218934003,0.13695303887527854,0.012416206079952422,0.40477287816613106,2,Buồn ngủ
0.07447543021869325,0.16984122508648436,-0.03722761742609876,0.3256595482085985,2,Buồn ngủ
0.21923904590276283,0.133317741836977,-0.39058212588832325,-0.37908265943467834,1,Mất tập trung
0.17709399666445355,0.14367175174019384,0.6914080675578488,0.3087163442690345,1,Mất tập trung
0.2229245785804607,0.09600424942743446,-0.12294910626329691,0.4387548143370394,1,Mất tập trung
0.2034712346913831,0.07991289259533661,-0.23430366505034325,0.7530192775505825,1,Mất tập trung
0.21042483289490838,0.10074920014336503,-0.061770870252245716,0.33924834957203204,1,Mất tập trung
0.20696063276377197,0.1511702849191108,0.0546064488345771,-0.018579158085208956,0,Chú ý
0.09462928820090959,0.19745803938103096,0.3382764676288664,0.27294103099223005,2,Buồn ngủ
0.15114156662332712,0.2086095418821093,-0.33420691978961636,0.19493898702256676,2,Buồn ngủ
0.2277955082389469,0.09036803671858087,-0.09946744162271833,0.014455319736021734,0,Chú ý
0.1380309486971547,0.16447613518091864,0.3369638061947059,0.20957549359546299,2,Buồn ngủ
0.23219221232791293,0.14752029177159448,0.05059591417315992,0.07082752739779077,0,Chú ý
0.2091164467986638,0.13051371525747477,0.12886032019224714,-0.058538944034835505,0,Chú ý
0.20441002072333003,0.12607056088460708,0.34864651855832895,0.11705324592989189,1,Mất tập trung
0.19101592181950924,0.1614095377886272,-0.47973598497633047,0.6287529028660168,1,Mất tập trung
0.26038878537689325,0.049666068013536575,0.6512973681245964,0.5121080546416547,1,Mất tập trung
0.18179500515570104,0.09484856617009371,-0.27557067875222063,-0.5475603952790722,1,Mất tập trung
0.2171702885930827,0.13492913576521734,-0.6349052861645743,-0.6095618381117288,1,Mất tập trung
0.10763648947642673,0.10760048981741259,-0.16860951641351096,0.4994619242274825,2,Buồn ngủ
0.15170490628363092,0.17748752219671712,-0.560530730417005,-0.6526139137233565,1,Mất tập trung
0.24816685742156913,0.12503088224280648,0.2426211050042219,-0.13140248472670724,1,Mất tập trung
0.22206699953895206,0.03935506300349172,-0.32121630287403236,-0.3907159156865697,1,Mất tập trung
0.1464364037045681,0.127857580121921,0.16540421595808363,-0.17279159461822796,0,Chú ý
0.15803613653366508,0.12673647857742562,-0.061276819175797845,-0.09162272746309155,0,Chú ý
0.2287250805314785,0.07898228956931484,0.05906723715104789,0.05783756335348639,0,Chú ý
0.21458273903950884,0.08306048679928965,0.11233878634027623,0.0123982840149729,0,Chú ý
0.04292145909720165,0.18641612199583846,0.23488195427264244,0.4329677044878639,2,Buồn ngủ
0.15782285279591596,0.03352858155774075,-0.09836495755745106,-0.19308516117933192,0,Chú ý
0.15767985092030873,0.07336738037675093,0.002466403145738122,-0.23305436670816243,1,Mất tập trung
0.13816600767314177,0.07914399693271257,0.6229468658515682,-0.4357162713448748,1,Mất tập trung
0.17248383939908885,0.07176408961416875,0.21461225138073184,0.12812237101054444,0,Chú ý
0.18284818451473392,0.14961683311394347,-0.04717025691903226,0.18857312296143866,0,Chú ý
0.1356589228576564,0.12605202393268178,0.606256902103554,0.6922289420195978,1,Mất tập trung
0.25199736250279164,0.04807287933959799,0.12150087440479768,0.5765574597368599,1,Mất tập trung
0.06543157890082708,0.09867709450637699,0.2986678831016255,0.25479663601679525,2,Buồn ngủ
0.2516852702302045,0.08232296236602374,0.3878295256596686,-0.5980223814112773,1,Mất tập trung
0.19442478408274505,0.1417028960736122,0.8266449069214798,0.7711993556319615,1,Mất tập trung
0.22742893867237093,0.022469576894133682,0.18635763592586826,-0.041941244695995604,0,Chú ý
0.18297448734716265,0.054981795172898036,-0.1220219667023753,0.01751890652173832,0,Chú ý
0.25882494959627456,0.11117306877866202,0.15297835327601797,0.08081471886666512,0,Chú ý
0.1494764962315756,0.08957754898071493,-0.05877398363843397,0.06241555580650414,0,Chú ý
0.057322430908386054,0.10976611667259932,-0.3838013694976766,0.2853273687831727,2,Buồn ngủ
0.11718140771729768,0.14067906181455492,-0.028348760532355702,0.35803711405641087,2,Buồn ngủ
0.16405113758980466,0.18778570368599612,0.24510339150997051,0.4453931075903942,2,Buồn ngủ
0.20433351702238423,0.14708461040896792,-0.13752347380653285,0.15436108890635925,0,Chú ý
0.19450802146263363,0.06050274544405337,-0.5873820232298312,0.6536737860709647,1,Mất tập trung
0.20513835743634296,0.1053868961905617,0.11198613243077707,-0.7333666892097459,1,Mất tập trung
0.10113767021040701,0.1980097824650214,-0.2471451465395415,0.30646083452053813,2,Buồn ngủ
0.16337886100351062,0.14670623001441466,-0.1463898800872559,0.023485897238755684,0,Chú ý
0.1746368301421243,0.05971964158212553,0.04313149819785387,-0.022301951460846046,0,Chú ý
0.19797562521848805,0.08976926223592036,0.30890133934730996,-0.1341560744218076,1,Mất tập trung
0.15120385196242916,0.16108785801630832,-0.02859814232734214,0.512350766152226,2,Buồn ngủ
0.21711142415483511,0.11856062223098748,0.06347966278147314,0.3541879106952038,1,Mất tập trung
0.22633555852326023,0.045870482686417795,-0.6044929345289608,0.3096645223033373,1,Mất tập trung
0.18512125393995812,0.14232192746107764,-0.2622477414836681,-0.647181525881728,1,Mất tập trung
0.15569628598608184,0.08875790830817579,0.03663753077312325,0.11422772705994444,1,Mất tập trung
0.08683253133359906,0.12670391952433277,-0.2790098507130917,0.3591051003359322,2,Buồn ngủ
0.2530002244300477,0.13351951438128035,-0.10179276577571253,0.04150424820724834,0,Chú ý
0.12268433860938717,0.1857083565667857,0.03384164408820213,0.3864870115700273,2,Buồn ngủ
0.08030320605549449,0.09355752402609196,0.41060454568721255,0.47779978141960294,2,Buồn ngủ
0.16716754095520764,0.04502924167400522,-0.3640893056241974,-0.47990268555514826,1,Mất tập trung
0.13570405447867145,0.09811274649468377,0.1293969308337471,0.21403156952890526,1,Mất tập trung
0.28999390271214104,0.08696283315925389,0.06920586798851859,0.0819663157086139,0,Chú ý
0.20268556858225914,0.1311629654131486,-0.5037306813861928,-0.6598129395045086,1,Mất tập trung
0.08826249980108719,0.0954988343704774,0.1505797675189581,0.5277986468477855,2,Buồn ngủ
0.15033214626164199,0.09557152925217256,-0.5060051540675532,0.6387144505424162,1,Mất tập trung
0.15070429337293156,0.12307015838570891,0.1332579220980906,-0.03717119518279202,0,Chú ý
0.07771371601840622,0.15037500326837988,0.33816000523189566,0.25169722553718155,2,Buồn ngủ
0.24492522377120568,0.05777034148054346,-0.15173558527411854,-0.28552676803512705,1,Mất tập trung
0.13397200623673078,0.1282680861335117,0.11995544429946611,0.21532336522248435,2,Buồn ngủ
0.2471656244058007,0.09252041537620397,-0.06111258104921762,-0.06148644038796207,0,Chú ý
0.1695800809393994,0.14707219951078154,-0.08188263561579233,0.3344644709421157,1,Mất tập trung
0.23234261262953013,0.1199621609811809,0.23192768111624906,0.07826526856864903,1,Mất tập trung
0.2068401291155419,0.10025082852761855,-0.054129635968633454,-0.19436990058666884,0,Chú ý
0.13523407637699977,0.05042259072727471,0.1376047911184429,-0.1966808314543908,0,Chú ý
0.18758978546618316,0.09360171973912312,-0.14740705584173217,-0.14030976502018783,0,Chú ý
0.03721830994493834,0.15800373566316375,-0.008473493347136846,0.2410516964580496,2,Buồn ngủ
0.18122079939927152,0.14901422107330436,-0.12881804195175006,0.52826956856032,2,Buồn ngủ
0.08849038385965041,0.0980921332915979,-0.03222651236008056,0.42605468336023855,2,Buồn ngủ
0.24905153869628602,0.06209741877576198,0.14861775343862135,0.045122881770901284,0,Chú ý
0.1939764191633129,0.1290112764169897,-0.06615037149130842,0.11926878414151804,0,Chú ý
0.24099701429877568,0.10814221401455891,0.39234219600339826,0.4381493727204314,1,Mất tập trung
0.2559674070587182,0.10914388631294006,0.2652026412591752,-0.45659842356380015,1,Mất tập trung
0.17647718308307153,0.06755226003329821,-0.1255676084660626,-0.295752615278597,1,Mất tập trung
0.12773148916880261,0.14582989472056815,0.11645064413351747,-0.07982991728077961,0,Chú ý
0.1594903614494941,0.08794373544434858,-0.14073025384848273,-0.06749970809790193,0,Chú ý
0.1597364895781821,0.10440678092968012,-0.5181954615940185,0.18871272157513763,1,Mất tập trung
0.18753783658050657,0.11452651942034134,0.3184079836390601,-0.6293699409957652,1,Mất tập trung
0.20459789102857973,0.07632998581174638,0.059658355792067026,-0.016256623832563287,0,Chú ý
0.16057242745742156,0.09401738181056488,0.5023319335309623,0.42380017413387233,1,Mất tập trung
0.18830779759008762,0.09036520887734309,-0.370826833302982,-0.27643640104512335,1,Mất tập trung
0.15756165963983082,0.09453098454710979,-0.13461333573181714,-0.1224540595121958,0,Chú ý
0.043900538900681935,0.13158587249810466,-0.06524791934691695,0.2513574046442673,2,Buồn ngủ
0.2303860104528916,0.0033908277858111097,0.5902361280946603,0.041602716043712754,1,Mất tập trung
0.1111780847583028,0.12822068517094312,-0.22781064081411012,0.4323689172228943,2,Buồn ngủ
0.06542320075711461,0.1978701791411738,-0.2695564470891101,0.41546304494404435,2,Buồn ngủ
0.1956112421314257,0.0599375825775995,-0.5510955560817666,-0.7195165209999752,1,Mất tập trung
0.054817505127717436,0.141903113063015,0.0681307493704375,0.5760204871782044,2,Buồn ngủ
0.18437146737706922,0.08382124815080934,0.21875276406310837,-0.008852084840098445,0,Chú ý
0.17168519761380377,0.12297592945312917,-0.6008691322200358,0.2746451487788337,1,Mất tập trung
0.20540033288495427,0.18610396508472787,0.10443081081913111,-0.018320372986377037,0,Chú ý
0.16753711010059652,0.10207730708156226,-0.09613670714379258,-0.155381379763537,0,Chú ý
0.09285836903903161,0.09253621332807893,0.39323188727883707,0.32809616938739383,2,Buồn ngủ
0.16733130012887798,0.12725434729618193,-0.03370157809270578,0.048180785129267524,0,Chú ý
0.16809299103435582,0.11755830704577597,-0.23518219552784372,-0.06744149238118823,0,Chú ý
0.26495321964329627,0.039793486527353567,-0.3921965593567218,-0.7833089217128778,1,Mất tập trung
0.05827816794561759,0.162545481847423,0.013052051494965827,0.42208959369576504,2,Buồn ngủ
0.21944035953423616,0.07191281117635212,0.18552088545805864,0.10403105543266006,0,Chú ý
0.21374767200761988,0.0963353421347867,0.6807331289490655,-0.7245211715400439,1,Mất tập trung
0.14391145394409896,0.09941179694647989,0.6170783500720112,0.4909007192655409,1,Mất tập trung
0.20958149863721703,0.1255434559626661,0.009167901138295818,-0.13940791374461456,0,Chú ý
0.24375732355803564,0.10669904055591704,-0.7425521532687805,-0.28566387890463396,1,Mất tập trung
0.208943762641853,0.15626392802449335,-0.12329465291300445,-0.01085526552891277,0,Chú ý
0.16756453236750862,0.13436693065303632,0.038841884380600517,-0.003612450598767223,0,Chú ý
0.18627253850141365,0.1089012176867501,-0.12637206058729922,0.10326085598644395,0,Chú ý
0.10456433186003812,0.18243003593919505,-0.026267321059859072,0.4912490348723469,2,Buồn ngủ
0.22778348245347532,0.1287400425470924,0.11566402305777643,-0.02545509312319745,0,Chú ý
0.10651616972034658,0.1520537855855884,0.3022458315348359,0.3255146494074769,2,Buồn ngủ
0.15664290329517774,0.09514422465612415,0.10595918497487203,-0.02800413223969852,0,Chú ý
0.15438476015134006,0.1538528165927679,-0.001915432471472453,0.23392543543564123,2,Buồn ngủ
0.18838266171510196,0.1392544217832233,-0.5752812429550811,0.14029321927676663,1,Mất tập trung
0.15305239780679514,0.10605293966393028,-0.10094081624287092,-0.0017551540015456942,0,Chú ý
0.20806916310235898,0.12254075757611192,-0.5443465956844366,-0.5361518259485222,1,Mất tập trung
0.13482643806529374,0.12383946296436965,0.03851145367388451,0.3766697519800966,2,Buồn ngủ
0.17850599478547685,0.06517229368147148,-0.478034319775097,-0.35163635817187516,1,Mất tập trung
0.2297531085380977,0.06418374215405484,-0.014491837946772263,-0.19117750813073042,0,Chú ý
0.1885240336493133,0.12434861179939083,-0.2620730227059291,-0.6056184484740337,1,Mất tập trung
0.2120212138208352,0.14094884188164467,0.15417018809638283,-0.1418162515533682,0,Chú ý
0.11572916428379901,0.20305121057944292,-0.3311225639862744,0.5646944530098091,2,Buồn ngủ
0.17670949351730222,0.11686185041358478,0.4070884590441875,-0.331445804975758,1,Mất tập trung
0.17413697232273462,0.10624355217679912,-0.3240561126301716,0.3609502680217986,2,Buồn ngủ
0.18626885381241728,0.017250883541949452,-0.1838599401597623,0.12972676574433603,0,Chú ý
0.14742770255686855,0.06777923008104501,-0.17181259621883266,0.12810307018854228,1,Mất tập trung
0.21259776439542355,0.09728273798263877,0.31642574441667914,-0.4034950438417485,1,Mất tập trung
0.20792605381101967,0.037416369597007754,0.05857082309085877,-0.47489639768510855,1,Mất tập trung
0.18352093007871548,0.13389874514500794,0.1440453302924674,0.07453222407663342,0,Chú ý
0.14555662320144538,0.11576128351891775,-0.030336296634130504,0.0470512018855311,0,Chú ý
0.16275582866982394,0.03609935859576133,-0.15666214780526289,0.391659454327138,1,Mất tập trung
0.2140667747960279,0.11012463477004678,-0.6033041955616217,0.31822229750858333,1,Mất tập trung
0.2415170619410256,0.11651100278787434,-0.0003613360146077784,-0.20482364324866,0,Chú ý
0.1961518348973791,0.03382879659191611,0.015707817481627213,0.18971187155554123,0,Chú ý
0.1397787379430595,0.10265758508376568,-0.3425665124966082,0.1843516214631461,2,Buồn ngủ
0.16871523922891427,0.11384025431764055,0.17322156858408874,-0.11539981439218266,0,Chú ý
0.18265563320133,0.0820014460362639,0.6512708992898334,0.6412205128770504,1,Mất tập trung
0.0788443578883297,0.11904653788652264,-0.008751165771231539,0.5469762322399746,2,Buồn ngủ
0.1252414688123311,0.11020621531658947,-0.024757790921372293,0.2968704731654402,2,Buồn ngủ
0.17667431768790648,0.09994958939639852,0.4899192309547673,0.076000350527705,1,Mất tập trung
0.17663058443582255,0.09245263578391481,-0.38122895915270594,-0.6449865182000013,1,Mất tập trung
0.06180380110308753,0.10986379213223536,-0.20929428373174166,0.2721648526839141,2,Buồn ngủ
0.2128775375246719,0.08473757911297326,-0.29106722365984256,0.19841994427598542,1,Mất tập trung
0.09425999211523647,0.11923350116898823,0.39946849310157856,0.3679081212042963,2,Buồn ngủ
0.24067595825879312,0.1065851343133655,-0.16498154946428345,-0.36046834860136406,1,Mất tập trung
0.17387792346966208,0.05979829884552049,0.12593670023621556,0.05305094288073653,0,Chú ý
0.18442851049637443,0.13106787136300665,-0.16583622722053026,0.01775554597143167,0,Chú ý
0.13064908703882777,0.13103809234212213,-0.10337566761282772,0.6688263299400217,1,Mất tập trung
0.14923548959097377,0.1443756826734287,0.3771309594495337,0.6350485655717999,1,Mất tập trung
0.12159244065813239,0.2050394080535614,-0.2310613396351942,0.2593634799389296,2,Buồn ngủ
0.1751345741621033,0.07639625579484803,0.0430644636140399,0.026812943326595784,0,Chú ý
0.08906529669825235,0.13880779230160478,0.14478637725738414,0.5300130334473323,2,Buồn ngủ
0.19857673085292826,0.10656687623187876,0.1729824920004746,0.17715763927212805,0,Chú ý
0.17975904261670161,0.051667178733879736,-0.2536915057352398,-0.7063859420414448,1,Mất tập trung
0.2311835594023235,0.0806802664174035,0.721804664280251,-0.6794043271732932,1,Mất tập trung
0.18696387235070078,0.09308682608092261,-0.519934191760434,-0.12355938793739928,1,Mất tập trung
0.06402821218697527,0.176415745790773,0.09454672966506467,0.3565569473225746,2,Buồn ngủ
0.23439927521190848,0.05699456948038184,-0.7230548247048223,-0.09452311748473848,1,Mất tập trung
0.10977316063139546,0.16967743281586983,-0.06534566717484608,0.26404713788514084,2,Buồn ngủ
0.19516992832873856,0.14201892120812667,0.2658198465686423,0.7059216826455906,1,Mất tập trung
0.07893857240709984,0.17234733064763694,0.11770556926419055,0.5527743692823048,2,Buồn ngủ
0.19669245166150387,0.0710201433818229,-0.264378884394608,-0.7396960895022044,1,Mất tập trung
0.17248795967492217,0.04187153958410233,0.024860766853411095,0.16169410608214835,0,Chú ý
0.1898586646437449,0.10362797713510045,-0.7645647630099242,-0.8310495684257552,1,Mất tập trung
0.11933542817984352,0.14713037605952609,0.1593513584721385,-0.17686149769433707,0,Chú ý
0.13186302490601656,0.06397704040482936,-0.09411870553734257,-0.5950639872509413,1,Mất tập trung
0.20847301512633246,0.12090276242989825,0.1005575179841554,0.20414853385819762,0,Chú ý
0.21500175025720325,0.05787356014061902,-0.02907060315185619,0.318528437355011,1,Mất tập trung
0.24348270645042547,0.11948544445904993,0.4603140872152318,0.3346605517417265,1,Mất tập trung
0.08870771187350286,0.09714867574002416,0.05733749707529993,0.24973730058730934,2,Buồn ngủ
0.19253878345773578,0.10712230301359929,-0.33077783981424863,0.09352916459124122,1,Mất tập trung
0.20248066245226792,0.09458765204458446,0.18800820724730746,-0.22227616036409614,1,Mất tập trung
0.2231058465960374,0.10044382742331374,0.15101992062386943,0.14619242993933054,0,Chú ý
0.2238244180663137,0.08048664367741337,0.7432709810982873,0.43840793357046864,1,Mất tập trung
0.14137915946450108,0.1952659850129597,-0.33745124784620706,0.3478603122458366,2,Buồn ngủ
0.08435748580997207,0.1601341320046506,0.059887226720782505,0.2195748672223803,2,Buồn ngủ
0.2548762441432492,0.07787354331188939,-0.6239370739620187,-0.759025503396995,1,Mất tập trung
0.24499763944299183,0.11936498776189265,-0.09873174781679254,-0.05853390070983143,0,Chú ý
0.20778461087443012,0.13097209690424638,-0.12374910267465608,-0.07663372403370017,0,Chú ý
0.18933879291978978,0.16064816275060276,0.2237596784676869,0.1848872866067954,0,Chú ý
0.17765606286701466,0.07596634527004104,0.7108240773381441,-0.6241399989436449,1,Mất tập trung
0.2504557177306528,0.09038401543403643,-0.1341899797124379,-0.13267335282740383,0,Chú ý
0.06758760325875506,0.12767105660596795,0.2579076598416099,0.5113066874003188,2,Buồn ngủ
0.15193621243725353,0.19045115700528917,0.16252558418231744,0.5706283754097968,2,Buồn ngủ
0.275017910267782,0.09605362214537433,-0.5091483773891285,-0.028466697078850283,1,Mất tập trung
0.165484188522501,0.07855494957686661,0.5348446416074931,0.18309208503459365,1,Mất tập trung
0.18707640256825459,0.10050573736961083,0.10522360807109432,0.0729282156307406,0,Chú ý
0.06235683902956573,0.21231566498155854,-0.26991191497539113,0.28200821909224827,2,Buồn ngủ
0.20387392878643323,0.12119138867916456,-0.02400426659274977,-0.009727677348051779,0,Chú ý
0.18442745456323628,0.12445580366805084,-0.5695115404709352,-0.1260354500003779,1,Mất tập trung
0.192779942572799,0.14814151736017314,-0.10182148185613281,0.18602770698106674,0,Chú ý
0.1830530582643944,0.13711176083458193,-0.10860814262124231,0.1698288200991352,0,Chú ý
0.05944354882557412,0.11533053504181964,0.12314590507764604,0.3723876445372456,2,Buồn ngủ
0.24474411890875988,0.08028519748277589,0.7868154571393631,0.14297033181640642,1,Mất tập trung
0.08538878076869406,0.1020498185802395,0.0028171006241508867,0.2378785705385782,2,Buồn ngủ
0.21497636985479265,0.06885723213048159,-0.19047550183061512,0.007036597789683224,0,Chú ý
0.15651989432688698,0.1725585209905123,-0.18372239687871234,0.22647630969490185,2,Buồn ngủ
0.19190452252911508,0.10061876092092377,-0.3658766074971581,0.620946307615177,1,Mất tập trung
0.10229147848184961,0.15200061771445,0.37940052763893994,0.19089525651431,2,Buồn ngủ
0.19574009476031745,0.041874100070134916,0.13797668304866767,-0.06500031493089063,0,Chú ý
0.15039333351216,0.11934896627805147,-0.10191801578000612,0.0017252665678530454,0,Chú ý
0.2842356408236201,0.09453132086379944,0.1666014306948697,-0.010672778421717991,1,Mất tập trung
0.19683514361177404,0.13804932717902693,0.1794190605871279,0.19423024176559972,0,Chú ý
0.18571058029491777,0.12311829106604359,0.3429469991297291,0.18542272641468968,1,Mất tập trung
0.19882273433194472,0.06966114231126218,-0.14116608216801324,0.024829415668732792,0,Chú ý
0.23581434840034682,0.0685172337505276,-0.8022938306863049,-0.04136100947109126,1,Mất tập trung
0.1864052224634184,0.13410495276750375,-0.024118368268778098,0.13556830167053668,0,Chú ý
0.264385684351921,0.05601777805525526,0.09691010518107343,0.07661082487564141,0,Chú ý
0.18657305853357162,0.10714796461626104,-0.038644161389071424,0.0492207875525559,0,Chú ý
0.11112010916119136,0.1438441296218004,-0.11465858947717564,0.33045742717856225,2,Buồn ngủ
0.1709606524042189,0.13454449487831965,0.1869748828516066,-0.16939067380303757,0,Chú ý
0.07154890943722425,0.11119917323070977,0.012406398288105077,0.22850031920214564,2,Buồn ngủ
0.18283007568663895,0.12661821205517804,-0.06462651195802474,0.47511448624557806,2,Buồn ngủ
0.12852914620043024,0.13957481675097355,0.1248931419816632,0.06532309778600494,0,Chú ý
0.13242086875600123,0.15935147167288097,0.3094700979089153,0.4162844531314279,2,Buồn ngủ
0.25078508260741095,0.10038309601383112,0.15078279156180874,0.05699024948809417,0,Chú ý
0.14168796283109356,0.10166935374180366,0.1539274574006584,0.2215555269021919,2,Buồn ngủ
0.11584976704364015,0.10802342370099426,0.3227485220971022,0.32742523772731225,2,Buồn ngủ
0.14966858179361736,0.06275690412189902,0.29648734685151007,0.2859029265765936,2,Buồn ngủ
0.21123319644236574,0.08762117051526468,0.2323657175317202,0.7791867835625449,1,Mất tập trung
0.12868008172580708,0.15232838033797377,0.21254244493182103,0.320674494350486,2,Buồn ngủ
0.20031273813517578,0.1406665705723335,-0.028611087241592083,-0.024004390050912712,0,Chú ý
0.21802055114698662,0.16050996651947091,-0.06581450541897625,-0.1376418258772235,0,Chú ý
0.23999618806712503,0.09617009263061577,0.06405555061603352,-0.39767917468271385,1,Mất tập trung
0.17187599556496563,0.08330981493757181,0.47029269302270466,-0.5459481024396816,1,Mất tập trung
0.23240041947080586,0.12511673537346812,0.35703020757632176,0.8083183723632129,1,Mất tập trung
0.20288951966979038,0.09630964415459667,-0.10142791068760507,-0.4867621117923552,1,Mất tập trung
0.1824722618473472,0.07988139414957308,-0.6812227410141254,0.7813610534140119,1,Mất tập trung
0.26721934373505446,0.08278268803203255,-0.33569524878640006,0.09702591397554164,1,Mất tập trung
0.15488670085591597,0.14302234073457484,0.719418553269031,-0.757924375649047,1,Mất tập trung
0.22720743639460872,0.15970345787603743,-0.6045919716724226,0.5460577245769033,1,Mất tập trung
0.19232026492615528,0.08392140970441651,0.04688123149964413,0.11990881087845492,0,Chú ý
0.1972517436182151,0.11400015228234399,-0.07992475307615861,-0.012059740037606695,0,Chú ý
0.11134155335998629,0.149035997917902,0.004959234945435806,0.5645384714030199,2,Buồn ngủ
0.22465051343710285,0.12473134707854482,0.03669630087721884,-0.1985419391341236,0,Chú ý
0.1917520981233963,0.12138657083323517,0.018978778000530296,-0.09323042593939268,1,Mất tập trung
0.24063129307622885,0.09177058400503527,-0.18695939780748005,-0.09942855238148907,0,Chú ý
0.10919060624927246,0.11361295890680231,-0.028105574796623952,0.22393393879253795,2,Buồn ngủ
0.11165735369337008,0.13910355928554832,0.3905698642502995,0.2982662978335765,2,Buồn ngủ
0.15344584170576225,0.05958950577067726,-0.7465750716804193,0.23608645402287085,1,Mất tập trung
0.17844121751720296,0.06246200415258397,-0.03180044324631294,0.17366283349150796,0,Chú ý
0.24388010919447226,0.06776992696570276,0.09200403345820024,-0.1330926259558,0,Chú ý
0.18539315367543185,0.10238144057691043,-0.046787700323203854,0.20923806102006223,0,Chú ý
0.2341251778725418,0.12126726573119694,0.1321360803799199,0.06949907882672592,0,Chú ý
0.1507854102788897,0.029501306558313525,0.3078834864163821,-0.5978083721468812,1,Mất tập trung
0.2218757191760634,0.1299224162360629,0.0706494670858138,-0.14351757468654364,0,Chú ý
0.2629929677136915,0.0729768859594121,-0.40872752058310485,-0.07361672423569315,1,Mất tập trung
0.09969933457316865,0.14593404817935177,-0.10711649029569578,0.433924837412426,2,Buồn ngủ
0.14583231751216544,0.12936699281881045,-0.331977958241269,0.44689985013312095,2,Buồn ngủ
0.12809999350653,0.14379572944759506,-0.3138902015905063,0.6295352016768854,1,Mất tập trung
0.18860190620692752,0.04876909407736041,0.3646045708892825,0.08413034743703997,1,Mất tập trung
0.10487655481286942,0.07394622827275645,0.17731185927961304,-0.1499284026953262,0,Chú ý
0.10934335729415177,0.13702593985200828,-0.06470566434137949,0.3259361023990881,2,Buồn ngủ
0.18432985894740955,0.11556015045614568,0.26162433117620393,0.4230052730564883,1,Mất tập trung
0.1821837936888842,0.057304650884542424,0.21615929098088857,0.08685615639262975,0,Chú ý
0.2141917299294305,0.0837180654088683,0.17597270398814194,0.621320734586723,1,Mất tập trung
0.09513822751414798,0.1135806585956808,-0.37794026735041397,0.5110383458182339,2,Buồn ngủ
0.23903023972240753,0.09931856415330279,-0.10860733968014581,-0.10814538583821577,0,Chú ý
0.2812723790155842,0.04588767208872194,-0.746112634164904,0.20386081135751627,1,Mất tập trung
0.20480156169457348,0.08777182448636489,-0.12240308332106375,0.3725255817824008,1,Mất tập trung
0.22494460236474226,0.10225427108543163,0.057147306854915966,-0.16877417659481683,0,Chú ý
0.19850431257518958,0.049121385132499445,0.06600390893166913,-0.32581686167512686,1,Mất tập trung
0.14204107111394734,0.1331279930422051,-0.2261044542194412,0.13207643473493252,1,Mất tập trung
0.047596203324453884,0.1805206466970648,-0.2483348604671544,0.4432136834874173,2,Buồn ngủ
0.19395825829970037,0.08622938925095774,0.19735973801564405,-0.1519017690738924,0,Chú ý
0.07118757263141029,0.13171062318636548,0.033473327651642654,0.24873203829899077,2,Buồn ngủ
0.20359533357162637,0.03908061671543393,0.1641046140107471,-0.017585903204212053,0,Chú ý
0.25588019210515717,0.08539436900431839,0.25426197034562403,-0.6917134261951124,1,Mất tập trung
0.22446162962303762,0.15296080940835227,0.02882573605899792,0.4972706158870081,1,Mất tập trung
0.1293511387567038,0.11475771430236163,0.09097994840911694,0.5462035809128243,2,Buồn ngủ
0.19050966581816012,0.13152691253199406,-0.2637431462602379,-0.30441348911013777,1,Mất tập trung
0.1044422207745828,0.10300122006909626,0.380021898325246,0.4712802890898189,2,Buồn ngủ
0.2014270910089421,0.07153135907906522,0.5096368707404881,-0.5543717486244546,1,Mất tập trung
0.16988830843717495,0.11446175943867352,-0.23627352913386274,-0.2772129039654373,1,Mất tập trung
0.2313204351379898,0.07645229478931784,-0.6660296395979554,0.47765389253775403,1,Mất tập trung
0.20928671109278715,0.04042309967839211,0.15093812748877652,0.06802339021832218,0,Chú ý
0.2028443408136917,0.1059330089587661,-0.7545664713739999,0.10664784854101131,1,Mất tập trung
0.0819308772860582,0.1420299184451907,0.015270566451619824,0.5928690330597345,2,Buồn ngủ
0.2356385036850253,0.10258904589227057,-0.1396008258471124,0.02973804793387721,0,Chú ý
0.1757641754838592,0.11075324202424008,-0.6619953991180447,-0.29430104136596913,1,Mất tập trung
0.16627591205192477,0.06927246432328146,0.07032014075482519,0.04791492295746826,0,Chú ý
0.20377007759607302,0.07842898343000217,0.0902266437944709,0.12101432258868976,0,Chú ý
0.21231193728079123,0.09342940937243441,0.10157164485119183,-0.008860700168526761,0,Chú ý
0.19619457306554886,0.033647430549447736,-0.03541511013713466,-0.2154470904860765,1,Mất tập trung
0.20590388525895514,0.09377146871865077,0.1026646184757021,-0.10101036861260745,0,Chú ý
0.15153118602061333,0.06359697182416167,0.40929233707959045,0.12223734138901611,1,Mất tập trung
0.142790095573331,0.13767639014479427,0.1378163017514894,-0.1533299606218455,0,Chú ý
0.16688597649346015,0.11484903144052211,0.7692759799620926,0.7237804722998006,1,Mất tập trung
0.22850113472738998,0.09111893383232315,-0.10373379840570005,-0.0008811434419576068,0,Chú ý
0.19117174673439274,0.09688795279914628,-0.00881263055749542,-0.11077954607237189,0,Chú ý
0.22929326322517454,0.08543699847288003,-0.00347364761055223,-0.19975252791548737,0,Chú ý
0.14575515128674846,0.1279822130076928,0.14571411365778583,-0.14157860902191838,0,Chú ý
0.18603716579817803,0.13021323268548346,0.5863370771483917,-0.1510742957630727,1,Mất tập trung
0.25532837014801585,0.1606185816613261,-0.07508500787084493,0.013541940407789638,0,Chú ý
0.1622381046180461,0.12391779230835624,0.4089708346393649,0.207572088928143,1,Mất tập trung
0.1339029217362838,0.1510201646572333,-0.018785260611683584,0.30489557411286816,2,Buồn ngủ
0.185812800507672,0.07682654664233633,0.019678696271339738,0.13749796177718865,0,Chú ý
0.07043108746208564,0.16527732569974754,0.3136273152410336,0.5673640668320543,2,Buồn ngủ
0.25057287925753746,0.11772091777188667,-0.1656923778313458,-0.17476590027469563,0,Chú ý
0.15722615903003662,0.06864029776147426,-0.0201305357596293,-0.050841753636457994,0,Chú ý
0.20679781760018046,0.07693491783194076,0.2196095700212124,0.7265234478464317,1,Mất tập trung
0.22359792510092275,0.05552285097458849,-0.4307333834043831,0.23929573573857266,1,Mất tập trung
0.21308501781741795,0.07625123139640173,-0.06393839209937419,-0.026316099242179973,0,Chú ý
0.22888375038986516,0.037427521588063596,0.20785375442036072,-0.02835931510977054,0,Chú ý
0.1573867444268498,0.1038720860377928,-0.10997720695452332,0.10958446911286886,0,Chú ý
0.23302142826185512,0.07822929464654045,0.36017681489965314,-0.6804305918746822,1,Mất tập trung
0.24276909783437764,0.1325989677077289,-0.0803098373272131,-0.19033708923734485,0,Chú ý
0.14795728400965935,0.13138354107309622,0.40616272947563603,0.3971560102243382,2,Buồn ngủ
0.22106259877122322,0.14374133748120693,0.4285784432532105,-0.465672713240396,1,Mất tập trung
0.11963602935223455,0.13162733731621395,0.10844714483646081,0.2623242315636719,2,Buồn ngủ
0.2155218551535545,0.11568931811847166,-0.048420313858487815,-0.7694174066771515,1,Mất tập trung
0.19074079831127658,0.09523226929591859,-0.5100205798990861,0.38973290735453486,1,Mất tập trung
0.13918826806662787,0.2034997515387172,-0.3782611687374997,0.5210327392704481,2,Buồn ngủ
0.1692926131455072,0.055039160538506125,0.0011213306513158453,0.1189148579895932,0,Chú ý
0.21295302887359008,0.11633281857472869,0.14173485602218205,0.1514983111566403,0,Chú ý
0.17547691372741947,0.1664376388081796,-0.08510672611945781,0.038858294543358554,0,Chú ý
0.13082390455575135,0.16425653839575477,0.2210712655069158,0.1971729795025068,2,Buồn ngủ
0.12762608842713594,0.18641897976922892,0.2673601983236805,0.28984316596141285,2,Buồn ngủ
0.09323215439060667,0.1490651968630463,0.20232273737190287,0.27164575641837546,2,Buồn ngủ
0.13554932677946213,0.15292359009071382,0.053822830454503055,0.27287673655100275,2,Buồn ngủ
0.03967203423646501,0.11935860896937159,0.29760273335922943,0.4416770188330154,2,Buồn ngủ
0.20393937758178798,0.12965636128415448,0.6232075858251379,0.14342442744602785,1,Mất tập trung
0.1923660784294842,0.05950111589486132,0.07179959116698087,0.5348599872286094,1,Mất tập trung
0.11732449731875298,0.0909258550782353,0.12250156327772549,0.07362676212534873,0,Chú ý
0.20647325772738673,0.098573427941079,-0.28572061311066893,0.16081476824877872,1,Mất tập trung
0.15035332669535692,0.03941590972016337,0.07451162636582258,0.03381918919169539,0,Chú ý
0.17337601082894882,0.12122891697717014,0.09043453814807308,0.021768629113104003,0,Chú ý
0.1792319468057615,0.13212138442197055,-0.49167166206067103,-0.3584715820479113,1,Mất tập trung
0.17634903323237047,0.11741756435874731,-0.5352212116254315,0.005066581163635557,1,Mất tập trung
0.19051145679171405,0.07307175078522615,0.13169158633340874,0.16121141160383187,0,Chú ý
0.2586198218621675,0.11660791750309904,-0.05367225500532584,-0.13621785026452493,0,Chú ý
0.16906041376491823,0.11884621913901722,-0.1161427701343439,0.6243371250950063,1,Mất tập trung
0.12141864110094568,0.05563622534316912,0.34895804383938095,-0.10157360048176767,1,Mất tập trung
0.24808828244204317,0.13641068345460353,-0.13021985596540375,0.07064405430725024,0,Chú ý
0.20849359321906066,0.10827311235250983,0.1792461242369757,0.0917575830768201,0,Chú ý
0.13653686461120673,0.1098021580244997,-0.08660378517522017,0.49673280113392027,2,Buồn ngủ
0.09511910459171813,0.20310309764041057,0.21499746919584875,0.5378975580855571,2,Buồn ngủ
0.2035422578381849,0.04400121432927517,0.09928757512201612,0.19960694421255415,0,Chú ý
0.24848340288170168,0.13933789074911682,0.02098042426253059,0.07087950219169314,0,Chú ý
0.17130622200843879,0.03273234246072795,0.10817091150163283,0.156598353219321,0,Chú ý
0.21179183063700965,0.08455870288014365,0.0019582105216693277,0.35723702453321066,1,Mất tập trung
0.23162234120052705,0.08819438968947307,0.5194914084580088,-0.7171665287430091,1,Mất tập trung
0.20872706983488806,0.08377456872421701,-0.4601659099472613,-0.33417730468530876,1,Mất tập trung
0.06442971055106116,0.19094508529102389,-0.15674981875366392,0.49502356907526585,2,Buồn ngủ
0.035044150681595304,0.21404252814342845,-0.27599300722318626,0.5961679271177226,2,Buồn ngủ
0.10846356839899643,0.14463880480287786,0.17191283011583713,0.4828867279940406,2,Buồn ngủ
0.1725822809654912,0.05345725747511877,0.7104222106972601,-0.024244840641761595,1,Mất tập trung
0.1733785675944511,0.062231563717008914,-0.00495456343579507,-0.06442715445831675,0,Chú ý
0.17671651285811638,0.1899765620681028,0.7212653281675223,0.4443086169999581,1,Mất tập trung
0.24756567346466943,0.15563746663148226,-0.028915735213966898,0.01870625508963512,0,Chú ý
0.14610234699998728,0.1202165916039652,0.03629890352862039,0.41009903094423916,2,Buồn ngủ
0.22323062016068604,0.10464575030925215,-0.09069301531206751,-0.08338915935051197,0,Chú ý
0.22579367349627566,0.063005007482468,0.7833097889793024,-0.09486313132002293,1,Mất tập trung
0.1493121360001579,0.10933575829582844,0.08785496472567451,0.3195033993240877,2,Buồn ngủ
0.1874617869314611,0.06709943050105417,0.4968077743553416,-0.5810728552111242,1,Mất tập trung
0.22198154268842693,0.10152191648532333,-0.31056255375683023,-0.1944639300949601,1,Mất tập trung
0.18947330842606544,0.11161123780808978,0.053955709620303764,0.17717209202281045,0,Chú ý
0.19430633634901903,0.10159537520057307,-0.0829663902317299,0.20144736042519312,0,Chú ý
0.08820038114276656,0.2133277679039428,-0.04884709166088239,0.3363463239283965,2,Buồn ngủ
0.09932349944617559,0.15391503772009058,-0.16825650324686295,0.569786482303179,2,Buồn ngủ
0.17185600653074873,0.11577121339971885,0.2090290118246131,-0.21813435480238752,1,Mất tập trung
0.19109747334443036,0.08191529795708945,-0.29281049767784395,0.22108559686132426,1,Mất tập trung
0.18968387817526577,0.09453695472820822,-0.010840318437099795,-0.15263584737247052,0,Chú ý
0.07864941138921289,0.17088947192043882,-0.38092372209751096,0.37298321815550906,2,Buồn ngủ
0.21594856872751628,0.0549611029014178,-0.1315035479646053,0.18102200380930886,0,Chú ý
0.19040899592014265,0.1401989647912471,0.007714034138149533,0.11784145209297925,0,Chú ý
0.1445633553072212,0.1419607191588733,-0.020236445279912647,0.0068663367569012125,0,Chú ý
0.08174016790121263,0.16630753257264547,0.21806425958198916,0.38588987564269034,2,Buồn ngủ
0.14727070470508138,0.08177023557247323,-0.23481907432677707,0.7380827178050199,1,Mất tập trung
0.14730897633917123,0.13132215321633173,-0.06408790111668011,0.1654907939267219,0,Chú ý
0.2445511997226754,0.1644406816600966,-0.053513544032643544,-0.12411377527448564,0,Chú ý
0.2594011576223339,0.05137864766073504,0.7524974161660708,0.6775215401192806,1,Mất tập trung
0.20968788392535753,0.14799383847884778,-0.5613423733497109,-0.7598917882732485,1,Mất tập trung
0.20868976617232748,0.0824452659202243,0.095647812499942,-0.29271730381030886,1,Mất tập trung
0.19365296104419308,0.05742686176130189,-0.3220688622835875,-0.27633114334670766,1,Mất tập trung
0.1533864079266672,0.07319446161400293,-0.13076092567629471,-0.2792282839070035,1,Mất tập trung
0.18890475144198682,0.08228281751790092,0.17326095186661972,0.07727655369166923,0,Chú ý
0.17211068875498683,0.06259501687266927,-0.533557532931654,0.41249208417106875,1,Mất tập trung
0.1850996700264073,0.11496258948070684,-0.33583271315056135,0.057429510031709874,1,Mất tập trung
0.1814802395472841,0.04350883198456611,0.005254521560322037,-0.07573255873353688,0,Chú ý
0.23605937980039876,0.01383378092319229,-0.019237783984149368,0.09426705778656515,0,Chú ý
0.23685844784577437,0.1748687499199875,0.12799977719355865,-0.03246258137399565,0,Chú ý
0.27388924173021734,0.12763704176737384,-0.02286868429364524,0.1576522556396883,0,Chú ý
0.15084584528773748,0.16490177278594773,0.25224103680275245,-0.5852593656179446,1,Mất tập trung
0.07561891923447381,0.14771294325016815,-0.2447359612399392,0.4117867243232179,2,Buồn ngủ
0.17960297899265149,0.11219794911141698,0.09387167193516348,-0.14416824066446135,1,Mất tập trung
0.15056295715605794,0.0786242736213814,0.6130077221314141,0.0682650462081264,1,Mất tập trung
0.17643578861826348,0.18111433672735103,-0.09282050952571115,-0.010075629999783954,0,Chú ý
0.22745228111843566,0.12621649011255912,0.7719754215266541,-0.2939045869611961,1,Mất tập trung
0.10451545479273669,0.16572124617347211,0.04301348986993361,0.1976219776448241,2,Buồn ngủ
0.028693694129935197,0.18234844506666073,-0.28238662930777386,0.49475558111030776,2,Buồn ngủ
0.20438641194505505,0.0615886461678883,0.03326638408387485,0.14472202734875741,0,Chú ý
0.16898635591962,0.13065384256424106,0.5073285581469593,-0.7703414792913411,1,Mất tập trung
0.2174471712471734,0.09798109212176849,0.211947282380368,0.2784657236081603,1,Mất tập trung
0.2833480175805648,0.11018646938356677,-0.09881386828387775,0.08511931076303371,0,Chú ý
0.22347721180442834,0.05192469706941625,0.363858954005734,-0.2644888043165291,1,Mất tập trung
0.2090194334181651,0.05946193322422924,0.08299038267648709,0.04624445542605861,0,Chú ý
0.10428844131569258,0.1604254331571358,0.22081686128770456,0.573973214867697,2,Buồn ngủ
0.20594961557500865,0.1009306471000258,0.028652046621445278,0.18579583904408709,0,Chú ý
0.1358648712730131,0.1330772797818086,0.1258404127323999,-0.040919018988205644,0,Chú ý
0.03612990557792366,0.09914167793743801,-0.06890784530492972,0.22029827335349925,2,Buồn ngủ
0.16709716888829018,0.1558391833681999,-0.7344742487509368,0.6722968793290542,1,Mất tập trung
0.22373729285011826,0.07197946537273234,-0.09035777293345398,0.18724851893950706,0,Chú ý
0.09863274348104915,0.08486690253828721,-0.22743268941841235,0.29513573275264626,2,Buồn ngủ
0.09581856676275402,0.19814657582287,-0.18003618568750468,0.527901177520162,2,Buồn ngủ
0.11388351991041616,0.20632924593931565,-0.03417973162490364,0.2168430232638299,2,Buồn ngủ
0.21861960001183545,0.15512298641340241,-0.1694921343769596,-0.008602457531540347,0,Chú ý
0.17891322385209724,0.08382485303109859,0.054503796733587295,-0.2078421434329299,1,Mất tập trung
0.22234027462510744,0.15599172346340417,0.1689581579757856,-0.09852785045836088,0,Chú ý
0.16181676035559278,0.16865161085179,0.03898434757457184,0.05441524363123057,0,Chú ý
0.05192099129664131,0.12804440792184815,-0.33009616905127487,0.5924349850529737,2,Buồn ngủ
0.22720971440260526,0.1559563115202824,-0.45069483994234877,-0.1622063822746855,1,Mất tập trung
0.209833448128806,0.044692485898846813,0.023132104913058213,0.13805276403552544,0,Chú ý
0.1789456884865581,0.11251708702992996,0.14179742745183543,0.06706766147773358,0,Chú ý
0.16533360970910663,0.12911064905457406,-0.140050338225105,-0.4908951853793938,1,Mất tập trung
0.22281612527193762,0.08053138309462517,0.0924482948267698,0.04786680414830222,0,Chú ý
0.23959507233548707,0.15639740377196903,0.033457795993919515,-0.15763353594198076,0,Chú ý
0.20397832674460503,0.13692489665541524,0.430505698837071,-0.06120660257303617,1,Mất tập trung
0.28573642603083477,0.06900367147349071,-0.2889747294862663,-0.4101360542469038,1,Mất tập trung
0.1272017307419708,0.18910414595462033,-0.04643563065645225,0.4392351037952299,2,Buồn ngủ
0.11540304767875922,0.20546617435198034,0.17623130549969881,0.5279028199390018,2,Buồn ngủ
0.1609276598833526,0.03390307717789408,0.07678820318980432,-0.041498675189712536,0,Chú ý
0.17701629535032434,0.05153270692805742,0.11274010451510619,0.06968382356894864,0,Chú ý
0.08878605005893778,0.1548932850289027,-0.046819714917948646,0.4819865347789856,2,Buồn ngủ
0.2232547429041582,0.09568425065402868,-0.2875489191162123,0.09238112161381712,1,Mất tập trung
0.2547169007961625,0.16372165511573816,0.32435285915645573,-0.44359477249786466,1,Mất tập trung
0.1698306552641482,0.17555450471666434,-0.0018073465678240357,0.006256835938351925,0,Chú ý
0.16396117447091071,0.04642420715520815,-0.0965909098525798,-0.05180377273162774,0,Chú ý
0.1275284975975975,0.07467082680190515,0.11515992618611307,-0.1360785513292585,0,Chú ý
0.17192576579534738,0.1910790462160423,0.19147618948362613,0.34008679589088525,2,Buồn ngủ
0.15653111296067695,0.15880863059055933,0.25140037523745046,0.257461401385726,2,Buồn ngủ
0.1773436040808148,0.14170687851273084,-0.17191386914939938,0.13656722024683812,0,Chú ý
0.18173966584344214,0.14944682761930211,-0.09279550349807399,-0.18148481725033722,0,Chú ý
0.2105100270518596,0.12273155142728977,-0.09512666820836474,0.03964085032442686,0,Chú ý
0.20706369961868415,0.11171664224639137,0.5859324135564278,-0.04164118431169239,1,Mất tập trung
0.2247837164109568,0.05057623294848657,0.02148628772822856,0.10571803934351853,0,Chú ý
0.12903757727613543,0.21163620199737643,-0.29424651307488114,0.520951023026994,2,Buồn ngủ
0.21516083849785725,0.1393252096795727,-0.5668134496714289,0.44061319162795576,1,Mất tập trung
0.21561821895333677,0.11886433924909749,-0.56856606173434,-0.5189223220065596,1,Mất tập trung
0.12216760274504837,0.14147681014465643,-0.07912274724716459,-0.18150345496462883,0,Chú ý
0.16628266766693658,0.10747355975031314,0.6703429683085073,-0.5222627809915731,1,Mất tập trung
0.25688905317451943,0.058365060422333165,-0.06097361069415347,0.07367282200474858,1,Mất tập trung
0.04771258512252803,0.1730505301966305,-0.26331631363267155,0.49074135326029406,2,Buồn ngủ
0.21861322646991518,0.12197285948252547,-0.16978755297488385,0.16669064846229928,0,Chú ý
0.21675163904257386,0.12532907570713991,0.18355550737329884,0.06362029438659732,0,Chú ý
0.20265254800222265,0.10474846303455068,0.4228957300265576,0.06152495044812231,1,Mất tập trung
0.09944444214619383,0.16173439493463096,0.32908331733521573,0.2732780125918645,2,Buồn ngủ
0.09405585711609375,0.1465721882293854,-0.07629204108335884,0.47642715614115594,2,Buồn ngủ
0.2178790912998619,0.0498158796111312,0.5929498939192164,-0.5766424826064463,1,Mất tập trung
0.1851675175826104,0.044527905425893105,0.2482419196103211,-0.6993725209526738,1,Mất tập trung
0.13403055634425182,0.042245455869170105,-0.5199808562580988,-0.395871268369586,1,Mất tập trung
0.1708669166013829,0.08866003972703841,-0.0032188957858971315,-0.17709943881600965,0,Chú ý
0.22757653178812146,0.052877346778486614,-0.01702581793310784,0.146150254725494,0,Chú ý
0.21499195599470525,0.14378898757890524,0.07991957605045774,-0.016765615618264645,0,Chú ý
0.22722386130941952,0.0644571916589573,0.6623527516548969,0.4917399564632952,1,Mất tập trung
0.13669806340383098,0.15171542564460608,-0.3350989079528643,0.26584333862248877,2,Buồn ngủ
0.10561766178418346,0.22861706525584485,-0.032489091202280024,0.5083182616838615,2,Buồn ngủ
0.1286928735237198,0.18982693558314964,-0.32265058730059276,0.42509588937649984,2,Buồn ngủ
0.09759339103994133,0.19373708515286753,0.25635184953258816,0.5082189654879302,2,Buồn ngủ
0.11624716849723325,0.13937873575564083,0.322703167913604,0.2780532186607592,2,Buồn ngủ
0.05516671858791977,0.21045858340402257,0.3200552872080359,0.2930979423603196,2,Buồn ngủ
0.1720881643697988,0.09746040846542357,0.07252247409413276,-0.6052744691710241,1,Mất tập trung
0.15663886168072755,0.090706584319492,-0.0008796526518738447,0.07173853946108164,0,Chú ý
0.16523247965824148,0.10879355469805554,-0.3237210435553221,0.38229225956622326,2,Buồn ngủ
0.23207851731474935,0.11293134742368659,0.15891527580053258,-0.3611890404966237,1,Mất tập trung
0.21867948546223454,0.0636074423920692,0.5638117543565586,-0.6252280637351556,1,Mất tập trung
0.19206845311497509,0.10289086925157621,0.18795967621196275,0.11963138412717352,0,Chú ý
0.2035430856974503,0.12045554979407234,-0.21964672785504266,0.007924497674779006,0,Chú ý
0.21455223346610167,0.11986716387212129,0.04500569720740272,0.15586878880947294,0,Chú ý
0.1774046813935438,0.04207119587391282,0.12473827477780287,0.06642063192165232,0,Chú ý
0.23850666494234088,0.10055186090427441,-0.11846773784017597,0.22846846898072892,1,Mất tập trung
0.17245963833870973,0.07705393356214194,0.49427588525463384,0.15795267734259488,1,Mất tập trung
0.12540260747806015,0.17427121763949766,0.5981689956889444,0.6441846214710591,1,Mất tập trung
0.2057264373925445,0.04160030285799797,0.6718315098384218,0.17809066456535064,1,Mất tập trung
0.11803282652443109,0.1747683354084003,0.13343121624325463,0.5433224565720803,2,Buồn ngủ
